JobID,JobName,Account,AveCPU,AveRSS,AveVMSize,CPUTime,Elapsed,ElapsedRaw,ExitCode,MaxRSS,MaxVMSize,MaxDiskRead,MaxDiskReadNode,MaxDiskReadTask,MaxDiskWrite,MaxDiskWriteNode,MaxDiskWriteTask,MaxPages,ReqCPUS,ReqMem,ReqNodes,NCPUS,NNodes,User,Eligible,Start,End,Suspended
7434825,wf-pomcppf-${SLURM_JOB_ID},soh,,,,02:46:12,02:46:12,9972,0:0,,,,,,,,,,1,130000Mc,1,1,1,alirezas,2024-09-17T00:43:43,2024-09-17T05:16:12,2024-09-17T08:02:24,00:00:00
7434825.batch,batch,soh,02:45:09,615404K,153108K,02:46:12,02:46:12,9972,0:0,615404K,153108K,3.71M,c1822,0,0.01M,c1822,0,3051,1,130000Mc,1,1,1,,2024-09-17T05:16:12,2024-09-17T05:16:12,2024-09-17T08:02:24,00:00:00
7434723,wf-pomcppf-${SLURM_JOB_ID},soh,,,,00:01:01,00:01:01,61,0:0,,,,,,,,,,1,130000Mc,1,1,1,alirezas,2024-09-17T00:43:42,2024-09-17T01:41:53,2024-09-17T01:42:54,00:00:00
7434723.batch,batch,soh,00:00:56,60312K,153108K,00:01:01,00:01:01,61,0:0,60312K,153108K,3.71M,c1517,0,0.01M,c1517,0,2223,1,130000Mc,1,1,1,,2024-09-17T01:41:53,2024-09-17T01:41:53,2024-09-17T01:42:54,00:00:00
7434892,wf-pomcppf-${SLURM_JOB_ID},soh,,,,05:50:17,05:50:17,21017,0:0,,,,,,,,,,1,130000Mc,1,1,1,alirezas,2024-09-17T00:43:44,2024-09-17T10:24:01,2024-09-17T16:14:18,00:00:00
7434892.batch,batch,soh,05:48:33,1181888K,153060K,05:50:17,05:50:17,21017,0:0,1181888K,153060K,3.71M,c2510,0,0.01M,c2510,0,711,1,130000Mc,1,1,1,,2024-09-17T10:24:01,2024-09-17T10:24:01,2024-09-17T16:14:18,00:00:00
7434719,wf-pomcppf-${SLURM_JOB_ID},soh,,,,00:02:09,00:02:09,129,0:0,,,,,,,,,,1,130000Mc,1,1,1,alirezas,2024-09-17T00:43:42,2024-09-17T01:33:15,2024-09-17T01:35:24,00:00:00
7434719.batch,batch,soh,00:02:04,69344K,153108K,00:02:09,00:02:09,129,0:0,69344K,153108K,3.71M,c1517,0,0.01M,c1517,0,2223,1,130000Mc,1,1,1,,2024-09-17T01:33:15,2024-09-17T01:33:15,2024-09-17T01:35:24,00:00:00
7434901,wf-pomcppf-${SLURM_JOB_ID},soh,,,,13:57:21,13:57:21,50241,0:0,,,,,,,,,,1,130000Mc,1,1,1,alirezas,2024-09-17T00:43:44,2024-09-17T15:41:25,2024-09-18T05:38:46,00:00:00
7434901.batch,batch,soh,13:53:11,5469532K,153108K,13:57:21,13:57:21,50241,0:0,5469532K,153108K,3.71M,c1810,0,0.01M,c1810,0,5074,1,130000Mc,1,1,1,,2024-09-17T15:41:25,2024-09-17T15:41:25,2024-09-18T05:38:46,00:00:00
7434793,wf-pomcppf-${SLURM_JOB_ID},soh,,,,00:07:00,00:07:00,420,0:0,,,,,,,,,,1,130000Mc,1,1,1,alirezas,2024-09-17T00:43:43,2024-09-17T04:18:43,2024-09-17T04:25:43,00:00:00
7434793.batch,batch,soh,00:06:51,99952K,153060K,00:07:00,00:07:00,420,0:0,99952K,153060K,3.71M,c2508,0,0.01M,c2508,0,962,1,130000Mc,1,1,1,,2024-09-17T04:18:43,2024-09-17T04:18:43,2024-09-17T04:25:43,00:00:00
7434872,wf-pomcppf-${SLURM_JOB_ID},soh,,,,02:56:02,02:56:02,10562,0:0,,,,,,,,,,1,130000Mc,1,1,1,alirezas,2024-09-17T00:43:43,2024-09-17T08:02:36,2024-09-17T10:58:38,00:00:00
7434872.batch,batch,soh,02:55:00,1399092K,153108K,02:56:02,02:56:02,10562,0:0,1399092K,153108K,3.71M,c1822,0,0.01M,c1822,0,3015,1,130000Mc,1,1,1,,2024-09-17T08:02:36,2024-09-17T08:02:36,2024-09-17T10:58:38,00:00:00
7434817,wf-pomcppf-${SLURM_JOB_ID},soh,,,,02:15:36,02:15:36,8136,0:0,,,,,,,,,,1,130000Mc,1,1,1,alirezas,2024-09-17T00:43:43,2024-09-17T05:11:36,2024-09-17T07:27:12,00:00:00
7434817.batch,batch,soh,02:14:53,1054192K,153060K,02:15:36,02:15:36,8136,0:0,1054192K,153060K,3.71M,c2508,0,0.01M,c2508,0,106,1,130000Mc,1,1,1,,2024-09-17T05:11:36,2024-09-17T05:11:36,2024-09-17T07:27:12,00:00:00
7434844,wf-pomcppf-${SLURM_JOB_ID},soh,,,,01:49:15,01:49:15,6555,0:0,,,,,,,,,,1,130000Mc,1,1,1,alirezas,2024-09-17T00:43:43,2024-09-17T06:15:40,2024-09-17T08:04:55,00:00:00
7434844.batch,batch,soh,01:46:14,826124K,153048K,01:49:15,01:49:15,6555,0:0,826124K,153048K,3.71M,c2510,0,0.01M,c2510,0,1244,1,130000Mc,1,1,1,,2024-09-17T06:15:40,2024-09-17T06:15:40,2024-09-17T08:04:55,00:00:00
7434785,wf-pomcppf-${SLURM_JOB_ID},soh,,,,00:08:20,00:08:20,500,0:0,,,,,,,,,,1,130000Mc,1,1,1,alirezas,2024-09-17T00:43:43,2024-09-17T04:00:58,2024-09-17T04:09:18,00:00:00
7434785.batch,batch,soh,00:08:11,95908K,153060K,00:08:20,00:08:20,500,0:0,95908K,153060K,3.71M,c2508,0,0.01M,c2508,0,168,1,130000Mc,1,1,1,,2024-09-17T04:00:58,2024-09-17T04:00:58,2024-09-17T04:09:18,00:00:00
7434731,wf-pomcppf-${SLURM_JOB_ID},soh,,,,00:02:02,00:02:02,122,0:0,,,,,,,,,,1,130000Mc,1,1,1,alirezas,2024-09-17T00:43:42,2024-09-17T02:04:45,2024-09-17T02:06:47,00:00:00
7434731.batch,batch,soh,00:01:56,67028K,153096K,00:02:02,00:02:02,122,0:0,67028K,153096K,3.71M,c1517,0,0.01M,c1517,0,2223,1,130000Mc,1,1,1,,2024-09-17T02:04:45,2024-09-17T02:04:45,2024-09-17T02:06:47,00:00:00
7434853,wf-pomcppf-${SLURM_JOB_ID},soh,,,,06:21:58,06:21:58,22918,0:0,,,,,,,,,,1,130000Mc,1,1,1,alirezas,2024-09-17T00:43:43,2024-09-17T06:49:04,2024-09-17T13:11:02,00:00:00
7434853.batch,batch,soh,06:19:55,980236K,153060K,06:21:58,06:21:58,22918,0:0,980236K,153060K,3.71M,c2508,0,0.01M,c2508,0,1196,1,130000Mc,1,1,1,,2024-09-17T06:49:04,2024-09-17T06:49:04,2024-09-17T13:11:02,00:00:00
7434898,wf-pomcppf-${SLURM_JOB_ID},soh,,,,03:03:23,03:03:23,11003,0:0,,,,,,,,,,1,130000Mc,1,1,1,alirezas,2024-09-17T00:43:44,2024-09-17T12:55:41,2024-09-17T15:59:04,00:00:00
7434898.batch,batch,soh,03:02:08,1155548K,153060K,03:03:23,03:03:23,11003,0:0,1155548K,153060K,3.71M,c2510,0,0.01M,c2510,0,2281,1,130000Mc,1,1,1,,2024-09-17T12:55:41,2024-09-17T12:55:41,2024-09-17T15:59:04,00:00:00
7434738,wf-pomcppf-${SLURM_JOB_ID},soh,,,,00:02:02,00:02:02,122,0:0,,,,,,,,,,1,130000Mc,1,1,1,alirezas,2024-09-17T00:43:42,2024-09-17T02:33:15,2024-09-17T02:35:17,00:00:00
7434738.batch,batch,soh,00:01:57,87136K,153108K,00:02:02,00:02:02,122,0:0,87136K,153108K,3.71M,c1517,0,0.01M,c1517,0,2223,1,130000Mc,1,1,1,,2024-09-17T02:33:15,2024-09-17T02:33:15,2024-09-17T02:35:17,00:00:00
7434763,wf-pomcppf-${SLURM_JOB_ID},soh,,,,00:01:10,00:01:10,70,0:0,,,,,,,,,,1,130000Mc,1,1,1,alirezas,2024-09-17T00:43:42,2024-09-17T03:44:17,2024-09-17T03:45:27,00:00:00
7434763.batch,batch,soh,00:00:59,70464K,153060K,00:01:10,00:01:10,70,0:0,70464K,153060K,3.71M,c2510,0,0.01M,c2510,0,41,1,130000Mc,1,1,1,,2024-09-17T03:44:17,2024-09-17T03:44:17,2024-09-17T03:45:27,00:00:00
7434894,wf-pomcppf-${SLURM_JOB_ID},soh,,,,1-00:45:27,1-00:45:27,89127,0:0,,,,,,,,,,1,130000Mc,1,1,1,alirezas,2024-09-17T00:43:44,2024-09-17T10:58:48,2024-09-18T11:44:15,00:00:00
7434894.batch,batch,soh,1-00:36:30,3725304K,153108K,1-00:45:27,1-00:45:27,89127,0:0,3725304K,153108K,3.71M,c1822,0,0.01M,c1822,0,7386,1,130000Mc,1,1,1,,2024-09-17T10:58:48,2024-09-17T10:58:48,2024-09-18T11:44:15,00:00:00
7434848,wf-pomcppf-${SLURM_JOB_ID},soh,,,,00:11:53,00:11:53,713,0:0,,,,,,,,,,1,130000Mc,1,1,1,alirezas,2024-09-17T00:43:43,2024-09-17T06:36:13,2024-09-17T06:48:06,00:00:00
7434848.batch,batch,soh,00:11:16,102008K,152916K,00:11:53,00:11:53,713,0:0,102008K,152916K,3.71M,c2510,0,0.01M,c2510,0,110,1,130000Mc,1,1,1,,2024-09-17T06:36:13,2024-09-17T06:36:13,2024-09-17T06:48:06,00:00:00
7434810,wf-pomcppf-${SLURM_JOB_ID},soh,,,,02:26:56,02:26:56,8816,0:0,,,,,,,,,,1,130000Mc,1,1,1,alirezas,2024-09-17T00:43:43,2024-09-17T04:52:17,2024-09-17T07:19:13,00:00:00
7434810.batch,batch,soh,02:23:57,761756K,152916K,02:26:56,02:26:56,8816,0:0,761756K,152916K,3.71M,c2509,0,0.01M,c2509,0,968,1,130000Mc,1,1,1,,2024-09-17T04:52:17,2024-09-17T04:52:17,2024-09-17T07:19:13,00:00:00
7434715,wf-pomcppf-${SLURM_JOB_ID},soh,,,,00:00:20,00:00:20,20,0:0,,,,,,,,,,1,130000Mc,1,1,1,alirezas,2024-09-17T00:43:42,2024-09-17T01:29:11,2024-09-17T01:29:31,00:00:00
7434715.batch,batch,soh,00:00:15,0,153108K,00:00:20,00:00:20,20,0:0,0,153108K,0,c1517,0,0,c1517,0,2223,1,130000Mc,1,1,1,,2024-09-17T01:29:11,2024-09-17T01:29:11,2024-09-17T01:29:31,00:00:00
7434735,wf-pomcppf-${SLURM_JOB_ID},soh,,,,00:00:29,00:00:29,29,0:0,,,,,,,,,,1,130000Mc,1,1,1,alirezas,2024-09-17T00:43:42,2024-09-17T02:30:11,2024-09-17T02:30:40,00:00:00
7434735.batch,batch,soh,00:00:24,0,153108K,00:00:29,00:00:29,29,0:0,0,153108K,0,c1517,0,0,c1517,0,2223,1,130000Mc,1,1,1,,2024-09-17T02:30:11,2024-09-17T02:30:11,2024-09-17T02:30:40,00:00:00
7434880,wf-pomcppf-${SLURM_JOB_ID},soh,,,,08:21:48,08:21:48,30108,0:0,,,,,,,,,,1,130000Mc,1,1,1,alirezas,2024-09-17T00:43:44,2024-09-17T08:38:49,2024-09-17T17:00:37,00:00:00
7434880.batch,batch,soh,08:19:10,1015836K,153060K,08:21:48,08:21:48,30108,0:0,1015836K,153060K,3.71M,c2508,0,0.01M,c2508,0,1303,1,130000Mc,1,1,1,,2024-09-17T08:38:49,2024-09-17T08:38:49,2024-09-17T17:00:37,00:00:00
7434802,wf-pomcppf-${SLURM_JOB_ID},soh,,,,00:42:27,00:42:27,2547,0:0,,,,,,,,,,1,130000Mc,1,1,1,alirezas,2024-09-17T00:43:43,2024-09-17T04:34:29,2024-09-17T05:16:56,00:00:00
7434802.batch,batch,soh,00:40:49,236912K,153056K,00:42:27,00:42:27,2547,0:0,236912K,153056K,3.71M,c2510,0,0.01M,c2510,0,202,1,130000Mc,1,1,1,,2024-09-17T04:34:29,2024-09-17T04:34:29,2024-09-17T05:16:56,00:00:00
7434773,wf-pomcppf-${SLURM_JOB_ID},soh,,,,00:09:12,00:09:12,552,0:0,,,,,,,,,,1,130000Mc,1,1,1,alirezas,2024-09-17T00:43:42,2024-09-17T03:48:19,2024-09-17T03:57:31,00:00:00
7434773.batch,batch,soh,00:09:02,114224K,153048K,00:09:12,00:09:12,552,0:0,114224K,153048K,3.71M,c2510,0,0.01M,c2510,0,41,1,130000Mc,1,1,1,,2024-09-17T03:48:19,2024-09-17T03:48:19,2024-09-17T03:57:31,00:00:00
7434831,wf-pomcppf-${SLURM_JOB_ID},soh,,,,03:07:00,03:07:00,11220,0:0,,,,,,,,,,1,130000Mc,1,1,1,alirezas,2024-09-17T00:43:43,2024-09-17T05:27:59,2024-09-17T08:34:59,00:00:00
7434831.batch,batch,soh,03:03:29,619064K,152916K,03:07:00,03:07:00,11220,0:0,619064K,152916K,3.71M,c2509,0,0.01M,c2509,0,248,1,130000Mc,1,1,1,,2024-09-17T05:27:59,2024-09-17T05:27:59,2024-09-17T08:34:59,00:00:00
7434708,wf-pomcppf-${SLURM_JOB_ID},soh,,,,00:00:13,00:00:13,13,0:0,,,,,,,,,,1,130000Mc,1,1,1,alirezas,2024-09-17T00:43:42,2024-09-17T01:22:05,2024-09-17T01:22:18,00:00:00
7434708.batch,batch,soh,00:00:09,0,153096K,00:00:13,00:00:13,13,0:0,0,153096K,0,c1517,0,0,c1517,0,2223,1,130000Mc,1,1,1,,2024-09-17T01:22:05,2024-09-17T01:22:05,2024-09-17T01:22:18,00:00:00
7434805,wf-pomcppf-${SLURM_JOB_ID},soh,,,,00:05:26,00:05:26,326,0:0,,,,,,,,,,1,130000Mc,1,1,1,alirezas,2024-09-17T00:43:43,2024-09-17T04:42:07,2024-09-17T04:47:33,00:00:00
7434805.batch,batch,soh,00:05:19,85392K,153108K,00:05:26,00:05:26,326,0:0,85392K,153108K,3.71M,c1822,0,0.01M,c1822,0,2222,1,130000Mc,1,1,1,,2024-09-17T04:42:07,2024-09-17T04:42:07,2024-09-17T04:47:33,00:00:00
7434910,wf-pomcppf-${SLURM_JOB_ID},soh,,,,00:00:12,00:00:12,12,0:0,,,,,,,,,,1,130000Mc,1,1,1,alirezas,2024-09-17T00:46:50,2024-09-17T17:55:09,2024-09-17T17:55:21,00:00:00
7434910.batch,batch,soh,00:00:03,0,153060K,00:00:12,00:00:12,12,0:0,0,153060K,0,c2509,0,0,c2509,0,2175,1,130000Mc,1,1,1,,2024-09-17T17:55:09,2024-09-17T17:55:09,2024-09-17T17:55:21,00:00:00
7434891,wf-pomcppf-${SLURM_JOB_ID},soh,,,,03:41:17,03:41:17,13277,0:0,,,,,,,,,,1,130000Mc,1,1,1,alirezas,2024-09-17T00:43:44,2024-09-17T10:23:00,2024-09-17T14:04:17,00:00:00
7434891.batch,batch,soh,03:40:03,807240K,152916K,03:41:17,03:41:17,13277,0:0,807240K,152916K,3.71M,c2510,0,0.01M,c2510,0,759,1,130000Mc,1,1,1,,2024-09-17T10:23:00,2024-09-17T10:23:00,2024-09-17T14:04:17,00:00:00
7434724,wf-pomcppf-${SLURM_JOB_ID},soh,,,,00:01:26,00:01:26,86,0:0,,,,,,,,,,1,130000Mc,1,1,1,alirezas,2024-09-17T00:43:42,2024-09-17T01:43:24,2024-09-17T01:44:50,00:00:00
7434724.batch,batch,soh,00:01:21,63876K,153108K,00:01:26,00:01:26,86,0:0,63876K,153108K,3.71M,c1517,0,0.01M,c1517,0,2223,1,130000Mc,1,1,1,,2024-09-17T01:43:24,2024-09-17T01:43:24,2024-09-17T01:44:50,00:00:00
7434778,wf-pomcppf-${SLURM_JOB_ID},soh,,,,00:05:59,00:05:59,359,0:0,,,,,,,,,,1,130000Mc,1,1,1,alirezas,2024-09-17T00:43:42,2024-09-17T03:53:53,2024-09-17T03:59:52,00:00:00
7434778.batch,batch,soh,00:05:52,85156K,153056K,00:05:59,00:05:59,359,0:0,85156K,153056K,3.71M,c2508,0,0.01M,c2508,0,57,1,130000Mc,1,1,1,,2024-09-17T03:53:53,2024-09-17T03:53:53,2024-09-17T03:59:52,00:00:00
7434837,wf-pomcppf-${SLURM_JOB_ID},soh,,,,01:51:13,01:51:13,6673,0:0,,,,,,,,,,1,130000Mc,1,1,1,alirezas,2024-09-17T00:43:43,2024-09-17T05:54:07,2024-09-17T07:45:20,00:00:00
7434837.batch,batch,soh,01:48:04,587480K,153060K,01:51:13,01:51:13,6673,0:0,587480K,153060K,3.71M,c2510,0,0.01M,c2510,0,107,1,130000Mc,1,1,1,,2024-09-17T05:54:07,2024-09-17T05:54:07,2024-09-17T07:45:20,00:00:00
7434794,wf-pomcppf-${SLURM_JOB_ID},soh,,,,00:11:55,00:11:55,715,0:0,,,,,,,,,,1,130000Mc,1,1,1,alirezas,2024-09-17T00:43:43,2024-09-17T04:18:43,2024-09-17T04:30:38,00:00:00
7434794.batch,batch,soh,00:11:13,119700K,153048K,00:11:55,00:11:55,715,0:0,119700K,153048K,3.71M,c2510,0,0.01M,c2510,0,120,1,130000Mc,1,1,1,,2024-09-17T04:18:43,2024-09-17T04:18:43,2024-09-17T04:30:38,00:00:00
7434733,wf-pomcppf-${SLURM_JOB_ID},soh,,,,00:06:30,00:06:30,390,0:0,,,,,,,,,,1,130000Mc,1,1,1,alirezas,2024-09-17T00:43:42,2024-09-17T02:10:21,2024-09-17T02:16:51,00:00:00
7434733.batch,batch,soh,00:06:24,74844K,153108K,00:06:30,00:06:30,390,0:0,74844K,153108K,3.71M,c1517,0,0.01M,c1517,0,2223,1,130000Mc,1,1,1,,2024-09-17T02:10:21,2024-09-17T02:10:21,2024-09-17T02:16:51,00:00:00
7434865,wf-pomcppf-${SLURM_JOB_ID},soh,,,,02:39:56,02:39:56,9596,0:0,,,,,,,,,,1,130000Mc,1,1,1,alirezas,2024-09-17T00:43:43,2024-09-17T07:44:13,2024-09-17T10:24:09,00:00:00
7434865.batch,batch,soh,02:39:13,961144K,153096K,02:39:56,02:39:56,9596,0:0,961144K,153096K,3.71M,c1907,0,0.01M,c1907,0,3040,1,130000Mc,1,1,1,,2024-09-17T07:44:13,2024-09-17T07:44:13,2024-09-17T10:24:09,00:00:00
7434838,wf-pomcppf-${SLURM_JOB_ID},soh,,,,04:04:19,04:04:19,14659,0:0,,,,,,,,,,1,130000Mc,1,1,1,alirezas,2024-09-17T00:43:43,2024-09-17T05:59:46,2024-09-17T10:04:05,00:00:00
7434838.batch,batch,soh,04:00:14,1121156K,153048K,04:04:19,04:04:19,14659,0:0,1121156K,153048K,3.71M,c2509,0,0.01M,c2509,0,1860,1,130000Mc,1,1,1,,2024-09-17T05:59:46,2024-09-17T05:59:46,2024-09-17T10:04:05,00:00:00
7434737,wf-pomcppf-${SLURM_JOB_ID},soh,,,,00:01:24,00:01:24,84,0:0,,,,,,,,,,1,130000Mc,1,1,1,alirezas,2024-09-17T00:43:42,2024-09-17T02:31:43,2024-09-17T02:33:07,00:00:00
7434737.batch,batch,soh,00:01:19,75788K,153108K,00:01:24,00:01:24,84,0:0,75788K,153108K,3.71M,c1517,0,0.01M,c1517,0,2223,1,130000Mc,1,1,1,,2024-09-17T02:31:43,2024-09-17T02:31:43,2024-09-17T02:33:07,00:00:00
7434803,wf-pomcppf-${SLURM_JOB_ID},soh,,,,01:35:41,01:35:41,5741,0:0,,,,,,,,,,1,130000Mc,1,1,1,alirezas,2024-09-17T00:43:43,2024-09-17T04:36:31,2024-09-17T06:12:12,00:00:00
7434803.batch,batch,soh,01:33:12,420784K,153060K,01:35:41,01:35:41,5741,0:0,420784K,153060K,3.71M,c2510,0,0.01M,c2510,0,106,1,130000Mc,1,1,1,,2024-09-17T04:36:31,2024-09-17T04:36:31,2024-09-17T06:12:12,00:00:00
7434887,wf-pomcppf-${SLURM_JOB_ID},soh,,,,21:13:33,21:13:33,76413,0:0,,,,,,,,,,1,130000Mc,1,1,1,alirezas,2024-09-17T00:43:44,2024-09-17T09:26:56,2024-09-18T06:40:29,00:00:00
7434887.batch,batch,soh,21:05:39,1977700K,153072K,21:13:33,21:13:33,76413,0:0,1977700K,153072K,3.71M,c2510,0,0.01M,c2510,0,2732,1,130000Mc,1,1,1,,2024-09-17T09:26:56,2024-09-17T09:26:56,2024-09-18T06:40:29,00:00:00
7434784,wf-pomcppf-${SLURM_JOB_ID},soh,,,,00:04:37,00:04:37,277,0:0,,,,,,,,,,1,130000Mc,1,1,1,alirezas,2024-09-17T00:43:42,2024-09-17T03:59:58,2024-09-17T04:04:35,00:00:00
7434784.batch,batch,soh,00:04:30,73528K,152916K,00:04:37,00:04:37,277,0:0,73528K,152916K,3.71M,c2508,0,0.01M,c2508,0,198,1,130000Mc,1,1,1,,2024-09-17T03:59:58,2024-09-17T03:59:58,2024-09-17T04:04:35,00:00:00
7434899,wf-pomcppf-${SLURM_JOB_ID},soh,,,,05:37:56,05:37:56,20276,0:0,,,,,,,,,,1,130000Mc,1,1,1,alirezas,2024-09-17T00:43:44,2024-09-17T13:11:08,2024-09-17T18:49:04,00:00:00
7434899.batch,batch,soh,05:36:07,1710496K,153060K,05:37:56,05:37:56,20276,0:0,1710496K,153060K,3.71M,c2508,0,0.01M,c2508,0,2692,1,130000Mc,1,1,1,,2024-09-17T13:11:08,2024-09-17T13:11:08,2024-09-17T18:49:04,00:00:00
7434820,wf-pomcppf-${SLURM_JOB_ID},soh,,,,00:08:33,00:08:33,513,0:0,,,,,,,,,,1,130000Mc,1,1,1,alirezas,2024-09-17T00:43:43,2024-09-17T05:12:37,2024-09-17T05:21:10,00:00:00
7434820.batch,batch,soh,00:06:22,91372K,153048K,00:08:33,00:08:33,513,0:0,91372K,153048K,3.71M,c2509,0,0.01M,c2509,0,45,1,130000Mc,1,1,1,,2024-09-17T05:12:37,2024-09-17T05:12:37,2024-09-17T05:21:10,00:00:00
7434730,wf-pomcppf-${SLURM_JOB_ID},soh,,,,00:01:25,00:01:25,85,0:0,,,,,,,,,,1,130000Mc,1,1,1,alirezas,2024-09-17T00:43:42,2024-09-17T02:03:14,2024-09-17T02:04:39,00:00:00
7434730.batch,batch,soh,00:01:19,57092K,153096K,00:01:25,00:01:25,85,0:0,57092K,153096K,3.71M,c1517,0,0.01M,c1517,0,2223,1,130000Mc,1,1,1,,2024-09-17T02:03:14,2024-09-17T02:03:14,2024-09-17T02:04:39,00:00:00
7434749,wf-pomcppf-${SLURM_JOB_ID},soh,,,,00:01:26,00:01:26,86,0:0,,,,,,,,,,1,130000Mc,1,1,1,alirezas,2024-09-17T00:43:42,2024-09-17T03:17:24,2024-09-17T03:18:50,00:00:00
7434749.batch,batch,soh,00:01:21,58812K,153108K,00:01:26,00:01:26,86,0:0,58812K,153108K,3.71M,c1517,0,0.01M,c1517,0,2223,1,130000Mc,1,1,1,,2024-09-17T03:17:24,2024-09-17T03:17:24,2024-09-17T03:18:50,00:00:00
7434883,wf-pomcppf-${SLURM_JOB_ID},soh,,,,00:52:49,00:52:49,3169,0:0,,,,,,,,,,1,130000Mc,1,1,1,alirezas,2024-09-17T00:43:44,2024-09-17T08:59:16,2024-09-17T09:52:05,00:00:00
7434883.batch,batch,soh,00:52:23,239772K,153108K,00:52:49,00:52:49,3169,0:0,239772K,153108K,3.71M,c1525,0,0.01M,c1525,0,2245,1,130000Mc,1,1,1,,2024-09-17T08:59:16,2024-09-17T08:59:16,2024-09-17T09:52:05,00:00:00
7434772,wf-pomcppf-${SLURM_JOB_ID},soh,,,,00:06:12,00:06:12,372,0:0,,,,,,,,,,1,130000Mc,1,1,1,alirezas,2024-09-17T00:43:42,2024-09-17T03:48:19,2024-09-17T03:54:31,00:00:00
7434772.batch,batch,soh,00:06:03,94336K,153056K,00:06:12,00:06:12,372,0:0,94336K,153056K,3.71M,c2510,0,0.01M,c2510,0,41,1,130000Mc,1,1,1,,2024-09-17T03:48:19,2024-09-17T03:48:19,2024-09-17T03:54:31,00:00:00
7434712,wf-pomcppf-${SLURM_JOB_ID},soh,,,,00:01:13,00:01:13,73,0:0,,,,,,,,,,1,130000Mc,1,1,1,alirezas,2024-09-17T00:43:42,2024-09-17T01:24:37,2024-09-17T01:25:50,00:00:00
7434712.batch,batch,soh,00:01:07,67892K,153104K,00:01:13,00:01:13,73,0:0,67892K,153104K,3.71M,c1517,0,0.01M,c1517,0,2223,1,130000Mc,1,1,1,,2024-09-17T01:24:37,2024-09-17T01:24:37,2024-09-17T01:25:50,00:00:00
7434882,wf-pomcppf-${SLURM_JOB_ID},soh,,,,00:28:52,00:28:52,1732,0:0,,,,,,,,,,1,130000Mc,1,1,1,alirezas,2024-09-17T00:43:44,2024-09-17T08:54:40,2024-09-17T09:23:32,00:00:00
7434882.batch,batch,soh,00:28:33,155476K,153108K,00:28:52,00:28:52,1732,0:0,155476K,153108K,3.71M,c1510,0,0.01M,c1510,0,2284,1,130000Mc,1,1,1,,2024-09-17T08:54:40,2024-09-17T08:54:40,2024-09-17T09:23:32,00:00:00
7434845,wf-pomcppf-${SLURM_JOB_ID},soh,,,,04:02:35,04:02:35,14555,0:0,,,,,,,,,,1,130000Mc,1,1,1,alirezas,2024-09-17T00:43:43,2024-09-17T06:21:19,2024-09-17T10:23:54,00:00:00
7434845.batch,batch,soh,03:59:49,1545816K,153056K,04:02:35,04:02:35,14555,0:0,1545816K,153056K,3.71M,c2510,0,0.01M,c2510,0,219,1,130000Mc,1,1,1,,2024-09-17T06:21:19,2024-09-17T06:21:19,2024-09-17T10:23:54,00:00:00
7434746,wf-pomcppf-${SLURM_JOB_ID},soh,,,,00:05:38,00:05:38,338,0:0,,,,,,,,,,1,130000Mc,1,1,1,alirezas,2024-09-17T00:43:42,2024-09-17T02:57:37,2024-09-17T03:03:15,00:00:00
7434746.batch,batch,soh,00:05:31,98124K,153108K,00:05:38,00:05:38,338,0:0,98124K,153108K,3.71M,c1523,0,0.01M,c1523,0,2224,1,130000Mc,1,1,1,,2024-09-17T02:57:37,2024-09-17T02:57:37,2024-09-17T03:03:15,00:00:00
7434726,wf-pomcppf-${SLURM_JOB_ID},soh,,,,00:04:36,00:04:36,276,0:0,,,,,,,,,,1,130000Mc,1,1,1,alirezas,2024-09-17T00:43:42,2024-09-17T01:47:28,2024-09-17T01:52:04,00:00:00
7434726.batch,batch,soh,00:04:30,69692K,153108K,00:04:36,00:04:36,276,0:0,69692K,153108K,3.71M,c1517,0,0.01M,c1517,0,2223,1,130000Mc,1,1,1,,2024-09-17T01:47:28,2024-09-17T01:47:28,2024-09-17T01:52:04,00:00:00
7434767,wf-pomcppf-${SLURM_JOB_ID},soh,,,,00:08:53,00:08:53,533,0:0,,,,,,,,,,1,130000Mc,1,1,1,alirezas,2024-09-17T00:43:42,2024-09-17T03:45:17,2024-09-17T03:54:10,00:00:00
7434767.batch,batch,soh,00:08:41,104568K,153048K,00:08:53,00:08:53,533,0:0,104568K,153048K,3.71M,c2511,0,0.01M,c2511,0,2218,1,130000Mc,1,1,1,,2024-09-17T03:45:17,2024-09-17T03:45:17,2024-09-17T03:54:10,00:00:00
7434779,wf-pomcppf-${SLURM_JOB_ID},soh,,,,00:10:51,00:10:51,651,0:0,,,,,,,,,,1,130000Mc,1,1,1,alirezas,2024-09-17T00:43:42,2024-09-17T03:54:23,2024-09-17T04:05:14,00:00:00
7434779.batch,batch,soh,00:10:38,109756K,153048K,00:10:51,00:10:51,651,0:0,109756K,153048K,3.71M,c2511,0,0.01M,c2511,0,2218,1,130000Mc,1,1,1,,2024-09-17T03:54:23,2024-09-17T03:54:23,2024-09-17T04:05:14,00:00:00
7434797,wf-pomcppf-${SLURM_JOB_ID},soh,,,,01:46:03,01:46:03,6363,0:0,,,,,,,,,,1,130000Mc,1,1,1,alirezas,2024-09-17T00:43:43,2024-09-17T04:25:20,2024-09-17T06:11:23,00:00:00
7434797.batch,batch,soh,01:45:24,428704K,153056K,01:46:03,01:46:03,6363,0:0,428704K,153056K,3.71M,c2508,0,0.01M,c2508,0,722,1,130000Mc,1,1,1,,2024-09-17T04:25:20,2024-09-17T04:25:20,2024-09-17T06:11:23,00:00:00
7434755,wf-pomcppf-${SLURM_JOB_ID},soh,,,,00:50:16,00:50:16,3016,0:0,,,,,,,,,,1,130000Mc,1,1,1,alirezas,2024-09-17T00:43:42,2024-09-17T03:33:35,2024-09-17T04:23:51,00:00:00
7434755.batch,batch,soh,00:49:58,334408K,153108K,00:50:16,00:50:16,3016,0:0,334408K,153108K,3.71M,c1517,0,0.01M,c1517,0,2223,1,130000Mc,1,1,1,,2024-09-17T03:33:35,2024-09-17T03:33:35,2024-09-17T04:23:51,00:00:00
7434890,wf-pomcppf-${SLURM_JOB_ID},soh,,,,01:35:56,01:35:56,5756,0:0,,,,,,,,,,1,130000Mc,1,1,1,alirezas,2024-09-17T00:43:44,2024-09-17T10:23:00,2024-09-17T11:58:56,00:00:00
7434890.batch,batch,soh,01:35:15,424936K,153060K,01:35:56,01:35:56,5756,0:0,424936K,153060K,3.71M,c2510,0,0.01M,c2510,0,986,1,130000Mc,1,1,1,,2024-09-17T10:23:00,2024-09-17T10:23:00,2024-09-17T11:58:56,00:00:00
7434821,wf-pomcppf-${SLURM_JOB_ID},soh,,,,00:14:47,00:14:47,887,0:0,,,,,,,,,,1,130000Mc,1,1,1,alirezas,2024-09-17T00:43:43,2024-09-17T05:13:08,2024-09-17T05:27:55,00:00:00
7434821.batch,batch,soh,00:12:51,114964K,152916K,00:14:47,00:14:47,887,0:0,114964K,152916K,3.71M,c2509,0,0.01M,c2509,0,45,1,130000Mc,1,1,1,,2024-09-17T05:13:08,2024-09-17T05:13:08,2024-09-17T05:27:55,00:00:00
7434729,wf-pomcppf-${SLURM_JOB_ID},soh,,,,00:00:47,00:00:47,47,0:0,,,,,,,,,,1,130000Mc,1,1,1,alirezas,2024-09-17T00:43:42,2024-09-17T02:02:13,2024-09-17T02:03:00,00:00:00
7434729.batch,batch,soh,00:00:42,54144K,153100K,00:00:47,00:00:47,47,0:0,54144K,153100K,3.71M,c1517,0,0.01M,c1517,0,2223,1,130000Mc,1,1,1,,2024-09-17T02:02:13,2024-09-17T02:02:13,2024-09-17T02:03:00,00:00:00
7434753,wf-pomcppf-${SLURM_JOB_ID},soh,,,,00:09:09,00:09:09,549,0:0,,,,,,,,,,1,130000Mc,1,1,1,alirezas,2024-09-17T00:43:42,2024-09-17T03:30:03,2024-09-17T03:39:12,00:00:00
7434753.batch,batch,soh,00:09:03,121204K,153096K,00:09:09,00:09:09,549,0:0,121204K,153096K,3.71M,c1905,0,0.01M,c1905,0,2220,1,130000Mc,1,1,1,,2024-09-17T03:30:03,2024-09-17T03:30:03,2024-09-17T03:39:12,00:00:00
7434789,wf-pomcppf-${SLURM_JOB_ID},soh,,,,01:07:17,01:07:17,4037,0:0,,,,,,,,,,1,130000Mc,1,1,1,alirezas,2024-09-17T00:43:43,2024-09-17T04:05:32,2024-09-17T05:12:49,00:00:00
7434789.batch,batch,soh,01:06:43,501908K,153048K,01:07:17,01:07:17,4037,0:0,501908K,153048K,3.71M,c2511,0,0.01M,c2511,0,2648,1,130000Mc,1,1,1,,2024-09-17T04:05:32,2024-09-17T04:05:32,2024-09-17T05:12:49,00:00:00
7434736,wf-pomcppf-${SLURM_JOB_ID},soh,,,,00:00:47,00:00:47,47,0:0,,,,,,,,,,1,130000Mc,1,1,1,alirezas,2024-09-17T00:43:42,2024-09-17T02:30:42,2024-09-17T02:31:29,00:00:00
7434736.batch,batch,soh,00:00:42,64548K,153096K,00:00:47,00:00:47,47,0:0,64548K,153096K,3.71M,c1517,0,0.01M,c1517,0,2223,1,130000Mc,1,1,1,,2024-09-17T02:30:42,2024-09-17T02:30:42,2024-09-17T02:31:29,00:00:00
7434787,wf-pomcppf-${SLURM_JOB_ID},soh,,,,00:19:51,00:19:51,1191,0:0,,,,,,,,,,1,130000Mc,1,1,1,alirezas,2024-09-17T00:43:43,2024-09-17T04:05:02,2024-09-17T04:24:53,00:00:00
7434787.batch,batch,soh,00:19:39,177340K,153060K,00:19:51,00:19:51,1191,0:0,177340K,153060K,3.71M,c2508,0,0.01M,c2508,0,835,1,130000Mc,1,1,1,,2024-09-17T04:05:02,2024-09-17T04:05:02,2024-09-17T04:24:53,00:00:00
7434867,wf-pomcppf-${SLURM_JOB_ID},soh,,,,19:25:37,19:25:37,69937,0:0,,,,,,,,,,1,130000Mc,1,1,1,alirezas,2024-09-17T00:43:43,2024-09-17T07:45:44,2024-09-18T03:11:21,00:00:00
7434867.batch,batch,soh,19:17:49,3672196K,152916K,19:25:37,19:25:37,69937,0:0,3672196K,152916K,3.71M,c2510,0,0.01M,c2510,0,1647,1,130000Mc,1,1,1,,2024-09-17T07:45:44,2024-09-17T07:45:44,2024-09-18T03:11:21,00:00:00
7434816,wf-pomcppf-${SLURM_JOB_ID},soh,,,,01:09:41,01:09:41,4181,0:0,,,,,,,,,,1,130000Mc,1,1,1,alirezas,2024-09-17T00:43:43,2024-09-17T05:05:30,2024-09-17T06:15:11,00:00:00
7434816.batch,batch,soh,01:06:36,529608K,153072K,01:09:41,01:09:41,4181,0:0,529608K,153072K,3.71M,c2510,0,0.01M,c2510,0,1266,1,130000Mc,1,1,1,,2024-09-17T05:05:30,2024-09-17T05:05:30,2024-09-17T06:15:11,00:00:00
7434771,wf-pomcppf-${SLURM_JOB_ID},soh,,,,00:03:40,00:03:40,220,0:0,,,,,,,,,,1,130000Mc,1,1,1,alirezas,2024-09-17T00:43:42,2024-09-17T03:46:18,2024-09-17T03:49:58,00:00:00
7434771.batch,batch,soh,00:03:29,72304K,153056K,00:03:40,00:03:40,220,0:0,72304K,153056K,3.71M,c2510,0,0.01M,c2510,0,41,1,130000Mc,1,1,1,,2024-09-17T03:46:18,2024-09-17T03:46:18,2024-09-17T03:49:58,00:00:00
7434762,wf-pomcppf-${SLURM_JOB_ID},soh,,,,01:22:06,01:22:06,4926,0:0,,,,,,,,,,1,130000Mc,1,1,1,alirezas,2024-09-17T00:43:42,2024-09-17T03:43:17,2024-09-17T05:05:23,00:00:00
7434762.batch,batch,soh,01:20:58,418308K,153056K,01:22:06,01:22:06,4926,0:0,418308K,153056K,3.71M,c2510,0,0.01M,c2510,0,1605,1,130000Mc,1,1,1,,2024-09-17T03:43:17,2024-09-17T03:43:17,2024-09-17T05:05:23,00:00:00
7434830,wf-pomcppf-${SLURM_JOB_ID},soh,,,,01:14:31,01:14:31,4471,0:0,,,,,,,,,,1,130000Mc,1,1,1,alirezas,2024-09-17T00:43:43,2024-09-17T05:26:57,2024-09-17T06:41:28,00:00:00
7434830.batch,batch,soh,01:11:15,333356K,153060K,01:14:31,01:14:31,4471,0:0,333356K,153060K,14.03M,c2510,0,0.63M,c2510,0,166,1,130000Mc,1,1,1,,2024-09-17T05:26:57,2024-09-17T05:26:57,2024-09-17T06:41:28,00:00:00
7434850,wf-pomcppf-${SLURM_JOB_ID},soh,,,,00:35:42,00:35:42,2142,0:0,,,,,,,,,,1,130000Mc,1,1,1,alirezas,2024-09-17T00:43:43,2024-09-17T06:43:56,2024-09-17T07:19:38,00:00:00
7434850.batch,batch,soh,00:35:26,191656K,153060K,00:35:42,00:35:42,2142,0:0,191656K,153060K,3.71M,c2508,0,0.01M,c2508,0,339,1,130000Mc,1,1,1,,2024-09-17T06:43:56,2024-09-17T06:43:56,2024-09-17T07:19:38,00:00:00
7434833,wf-pomcppf-${SLURM_JOB_ID},soh,,,,00:14:44,00:14:44,884,0:0,,,,,,,,,,1,130000Mc,1,1,1,alirezas,2024-09-17T00:43:43,2024-09-17T05:35:40,2024-09-17T05:50:24,00:00:00
7434833.batch,batch,soh,00:11:51,104808K,153060K,00:14:44,00:14:44,884,0:0,104808K,153060K,3.71M,c2510,0,0.01M,c2510,0,1057,1,130000Mc,1,1,1,,2024-09-17T05:35:40,2024-09-17T05:35:40,2024-09-17T05:50:24,00:00:00
7434884,wf-pomcppf-${SLURM_JOB_ID},soh,,,,01:24:27,01:24:27,5067,0:0,,,,,,,,,,1,130000Mc,1,1,1,alirezas,2024-09-17T00:43:44,2024-09-17T09:08:29,2024-09-17T10:32:56,00:00:00
7434884.batch,batch,soh,01:24:04,433632K,153108K,01:24:27,01:24:27,5067,0:0,433632K,153108K,3.71M,c1517,0,0.01M,c1517,0,2700,1,130000Mc,1,1,1,,2024-09-17T09:08:29,2024-09-17T09:08:29,2024-09-17T10:32:56,00:00:00
7434791,wf-pomcppf-${SLURM_JOB_ID},soh,,,,00:02:31,00:02:31,151,0:0,,,,,,,,,,1,130000Mc,1,1,1,alirezas,2024-09-17T00:43:43,2024-09-17T04:11:37,2024-09-17T04:14:08,00:00:00
7434791.batch,batch,soh,00:02:04,78320K,153060K,00:02:31,00:02:31,151,0:0,78320K,153060K,13.99M,c2510,0,0.62M,c2510,0,41,1,130000Mc,1,1,1,,2024-09-17T04:11:37,2024-09-17T04:11:37,2024-09-17T04:14:08,00:00:00
7434717,wf-pomcppf-${SLURM_JOB_ID},soh,,,,00:00:45,00:00:45,45,0:0,,,,,,,,,,1,130000Mc,1,1,1,alirezas,2024-09-17T00:43:42,2024-09-17T01:30:42,2024-09-17T01:31:27,00:00:00
7434717.batch,batch,soh,00:00:40,62228K,153108K,00:00:45,00:00:45,45,0:0,62228K,153108K,3.71M,c1517,0,0.01M,c1517,0,2223,1,130000Mc,1,1,1,,2024-09-17T01:30:42,2024-09-17T01:30:42,2024-09-17T01:31:27,00:00:00
7434874,wf-pomcppf-${SLURM_JOB_ID},soh,,,,11:36:02,11:36:02,41762,0:0,,,,,,,,,,1,130000Mc,1,1,1,alirezas,2024-09-17T00:43:43,2024-09-17T08:05:09,2024-09-17T19:41:11,00:00:00
7434874.batch,batch,soh,11:32:26,5114396K,153056K,11:36:02,11:36:02,41762,0:0,5114396K,153056K,3.71M,c2510,0,0.01M,c2510,0,2108,1,130000Mc,1,1,1,,2024-09-17T08:05:09,2024-09-17T08:05:09,2024-09-17T19:41:11,00:00:00
7434847,wf-pomcppf-${SLURM_JOB_ID},soh,,,,00:08:46,00:08:46,526,0:0,,,,,,,,,,1,130000Mc,1,1,1,alirezas,2024-09-17T00:43:43,2024-09-17T06:34:41,2024-09-17T06:43:27,00:00:00
7434847.batch,batch,soh,00:05:54,88336K,153048K,00:08:46,00:08:46,526,0:0,88336K,153048K,3.71M,c2510,0,0.01M,c2510,0,1140,1,130000Mc,1,1,1,,2024-09-17T06:34:41,2024-09-17T06:34:41,2024-09-17T06:43:27,00:00:00
7434710,wf-pomcppf-${SLURM_JOB_ID},soh,,,,00:00:26,00:00:26,26,0:0,,,,,,,,,,1,130000Mc,1,1,1,alirezas,2024-09-17T00:43:42,2024-09-17T01:23:06,2024-09-17T01:23:32,00:00:00
7434710.batch,batch,soh,00:00:22,0,153108K,00:00:26,00:00:26,26,0:0,0,153108K,0,c1517,0,0,c1517,0,2223,1,130000Mc,1,1,1,,2024-09-17T01:23:06,2024-09-17T01:23:06,2024-09-17T01:23:32,00:00:00
7434858,wf-pomcppf-${SLURM_JOB_ID},soh,,,,03:11:39,03:11:39,11499,0:0,,,,,,,,,,1,130000Mc,1,1,1,alirezas,2024-09-17T00:43:43,2024-09-17T07:18:46,2024-09-17T10:30:25,00:00:00
7434858.batch,batch,soh,03:07:52,524308K,153056K,03:11:39,03:11:39,11499,0:0,524308K,153056K,3.71M,c2509,0,0.01M,c2509,0,1580,1,130000Mc,1,1,1,,2024-09-17T07:18:46,2024-09-17T07:18:46,2024-09-17T10:30:25,00:00:00
7434782,wf-pomcppf-${SLURM_JOB_ID},soh,,,,00:56:44,00:56:44,3404,0:0,,,,,,,,,,1,130000Mc,1,1,1,alirezas,2024-09-17T00:43:42,2024-09-17T03:56:55,2024-09-17T04:53:39,00:00:00
7434782.batch,batch,soh,00:55:34,366.50M,153052K,00:56:44,00:56:44,3404,0:0,366.50M,153052K,3.71M,c2510,0,0.01M,c2510,0,79,1,130000Mc,1,1,1,,2024-09-17T03:56:55,2024-09-17T03:56:55,2024-09-17T04:53:39,00:00:00
7434775,wf-pomcppf-${SLURM_JOB_ID},soh,,,,00:37:41,00:37:41,2261,0:0,,,,,,,,,,1,130000Mc,1,1,1,alirezas,2024-09-17T00:43:42,2024-09-17T03:49:50,2024-09-17T04:27:31,00:00:00
7434775.batch,batch,soh,00:36:56,227992K,153048K,00:37:41,00:37:41,2261,0:0,227992K,153048K,3.71M,c2510,0,0.01M,c2510,0,48,1,130000Mc,1,1,1,,2024-09-17T03:49:50,2024-09-17T03:49:50,2024-09-17T04:27:31,00:00:00
7434809,wf-pomcppf-${SLURM_JOB_ID},soh,,,,01:07:05,01:07:05,4025,0:0,,,,,,,,,,1,130000Mc,1,1,1,alirezas,2024-09-17T00:43:43,2024-09-17T04:52:17,2024-09-17T05:59:22,00:00:00
7434809.batch,batch,soh,01:04:38,400188K,153060K,01:07:05,01:07:05,4025,0:0,400188K,153060K,3.71M,c2509,0,0.01M,c2509,0,1600,1,130000Mc,1,1,1,,2024-09-17T04:52:17,2024-09-17T04:52:17,2024-09-17T05:59:22,00:00:00
7434780,wf-pomcppf-${SLURM_JOB_ID},soh,,,,00:16:38,00:16:38,998,0:0,,,,,,,,,,1,130000Mc,1,1,1,alirezas,2024-09-17T00:43:42,2024-09-17T03:54:54,2024-09-17T04:11:32,00:00:00
7434780.batch,batch,soh,00:16:01,142600K,153056K,00:16:38,00:16:38,998,0:0,142600K,153056K,3.71M,c2510,0,0.01M,c2510,0,41,1,130000Mc,1,1,1,,2024-09-17T03:54:54,2024-09-17T03:54:54,2024-09-17T04:11:32,00:00:00
7434792,wf-pomcppf-${SLURM_JOB_ID},soh,,,,00:04:30,00:04:30,270,0:0,,,,,,,,,,1,130000Mc,1,1,1,alirezas,2024-09-17T00:43:43,2024-09-17T04:14:09,2024-09-17T04:18:39,00:00:00
7434792.batch,batch,soh,00:03:52,86256K,153060K,00:04:30,00:04:30,270,0:0,86256K,153060K,13.99M,c2510,0,0.61M,c2510,0,41,1,130000Mc,1,1,1,,2024-09-17T04:14:09,2024-09-17T04:14:09,2024-09-17T04:18:39,00:00:00
7434721,wf-pomcppf-${SLURM_JOB_ID},soh,,,,00:00:20,00:00:20,20,0:0,,,,,,,,,,1,130000Mc,1,1,1,alirezas,2024-09-17T00:43:42,2024-09-17T01:40:21,2024-09-17T01:40:41,00:00:00
7434721.batch,batch,soh,00:00:15,0,153108K,00:00:20,00:00:20,20,0:0,0,153108K,0,c1517,0,0,c1517,0,2223,1,130000Mc,1,1,1,,2024-09-17T01:40:21,2024-09-17T01:40:21,2024-09-17T01:40:41,00:00:00
7434722,wf-pomcppf-${SLURM_JOB_ID},soh,,,,00:00:34,00:00:34,34,0:0,,,,,,,,,,1,130000Mc,1,1,1,alirezas,2024-09-17T00:43:42,2024-09-17T01:40:52,2024-09-17T01:41:26,00:00:00
7434722.batch,batch,soh,00:00:29,52512K,153108K,00:00:34,00:00:34,34,0:0,52512K,153108K,3.71M,c1517,0,0.01M,c1517,0,2223,1,130000Mc,1,1,1,,2024-09-17T01:40:52,2024-09-17T01:40:52,2024-09-17T01:41:26,00:00:00
7434760,wf-pomcppf-${SLURM_JOB_ID},soh,,,,00:18:17,00:18:17,1097,0:0,,,,,,,,,,1,130000Mc,1,1,1,alirezas,2024-09-17T00:43:42,2024-09-17T03:42:17,2024-09-17T04:00:34,00:00:00
7434760.batch,batch,soh,00:18:05,140484K,153060K,00:18:17,00:18:17,1097,0:0,140484K,153060K,3.71M,c2508,0,0.01M,c2508,0,155,1,130000Mc,1,1,1,,2024-09-17T03:42:17,2024-09-17T03:42:17,2024-09-17T04:00:34,00:00:00
7434861,wf-pomcppf-${SLURM_JOB_ID},soh,,,,00:22:52,00:22:52,1372,0:0,,,,,,,,,,1,130000Mc,1,1,1,alirezas,2024-09-17T00:43:43,2024-09-17T07:22:21,2024-09-17T07:45:13,00:00:00
7434861.batch,batch,soh,00:20:59,145372K,153060K,00:22:52,00:22:52,1372,0:0,145372K,153060K,3.71M,c2510,0,0.01M,c2510,0,60,1,130000Mc,1,1,1,,2024-09-17T07:22:21,2024-09-17T07:22:21,2024-09-17T07:45:13,00:00:00
7434822,wf-pomcppf-${SLURM_JOB_ID},soh,,,,00:22:01,00:22:01,1321,0:0,,,,,,,,,,1,130000Mc,1,1,1,alirezas,2024-09-17T00:43:43,2024-09-17T05:13:08,2024-09-17T05:35:09,00:00:00
7434822.batch,batch,soh,00:19:01,144924K,153056K,00:22:01,00:22:01,1321,0:0,144924K,153056K,3.71M,c2510,0,0.01M,c2510,0,1110,1,130000Mc,1,1,1,,2024-09-17T05:13:08,2024-09-17T05:13:08,2024-09-17T05:35:09,00:00:00
7434897,wf-pomcppf-${SLURM_JOB_ID},soh,,,,01:25:03,01:25:03,5103,0:0,,,,,,,,,,1,130000Mc,1,1,1,alirezas,2024-09-17T00:43:44,2024-09-17T12:15:00,2024-09-17T13:40:03,00:00:00
7434897.batch,batch,soh,01:23:56,597492K,153100K,01:25:03,01:25:03,5103,0:0,597492K,153100K,3.71M,c1921,0,0.01M,c1921,0,2830,1,130000Mc,1,1,1,,2024-09-17T12:15:00,2024-09-17T12:15:00,2024-09-17T13:40:03,00:00:00
7434741,wf-pomcppf-${SLURM_JOB_ID},soh,,,,00:17:00,00:17:00,1020,0:0,,,,,,,,,,1,130000Mc,1,1,1,alirezas,2024-09-17T00:43:42,2024-09-17T02:46:27,2024-09-17T03:03:27,00:00:00
7434741.batch,batch,soh,00:16:50,141112K,153108K,00:17:00,00:17:00,1020,0:0,141112K,153108K,3.71M,c1517,0,0.01M,c1517,0,2223,1,130000Mc,1,1,1,,2024-09-17T02:46:27,2024-09-17T02:46:27,2024-09-17T03:03:27,00:00:00
7434896,wf-pomcppf-${SLURM_JOB_ID},soh,,,,00:52:59,00:52:59,3179,0:0,,,,,,,,,,1,130000Mc,1,1,1,alirezas,2024-09-17T00:43:44,2024-09-17T12:02:14,2024-09-17T12:55:13,00:00:00
7434896.batch,batch,soh,00:52:31,322584K,153060K,00:52:59,00:52:59,3179,0:0,322584K,153060K,3.71M,c2510,0,0.01M,c2510,0,2012,1,130000Mc,1,1,1,,2024-09-17T12:02:14,2024-09-17T12:02:14,2024-09-17T12:55:13,00:00:00
7434786,wf-pomcppf-${SLURM_JOB_ID},soh,,,,00:14:40,00:14:40,880,0:0,,,,,,,,,,1,130000Mc,1,1,1,alirezas,2024-09-17T00:43:43,2024-09-17T04:04:01,2024-09-17T04:18:41,00:00:00
7434786.batch,batch,soh,00:14:30,139468K,153060K,00:14:40,00:14:40,880,0:0,139468K,153060K,3.71M,c2508,0,0.01M,c2508,0,1125,1,130000Mc,1,1,1,,2024-09-17T04:04:01,2024-09-17T04:04:01,2024-09-17T04:18:41,00:00:00
7434860,wf-pomcppf-${SLURM_JOB_ID},soh,,,,10:09:32,10:09:32,36572,0:0,,,,,,,,,,1,130000Mc,1,1,1,alirezas,2024-09-17T00:43:43,2024-09-17T07:21:20,2024-09-17T17:30:52,00:00:00
7434860.batch,batch,soh,10:06:16,1912484K,153056K,10:09:32,10:09:32,36572,0:0,1912484K,153056K,3.71M,c2508,0,0.01M,c2508,0,1012,1,130000Mc,1,1,1,,2024-09-17T07:21:20,2024-09-17T07:21:20,2024-09-17T17:30:52,00:00:00
7434716,wf-pomcppf-${SLURM_JOB_ID},soh,,,,00:00:32,00:00:32,32,0:0,,,,,,,,,,1,130000Mc,1,1,1,alirezas,2024-09-17T00:43:42,2024-09-17T01:29:42,2024-09-17T01:30:14,00:00:00
7434716.batch,batch,soh,00:00:28,58540K,153108K,00:00:32,00:00:32,32,0:0,58540K,153108K,3.71M,c1517,0,0.01M,c1517,0,2223,1,130000Mc,1,1,1,,2024-09-17T01:29:42,2024-09-17T01:29:42,2024-09-17T01:30:14,00:00:00
7434885,wf-pomcppf-${SLURM_JOB_ID},soh,,,,05:05:14,05:05:14,18314,0:0,,,,,,,,,,1,130000Mc,1,1,1,alirezas,2024-09-17T00:43:44,2024-09-17T09:12:36,2024-09-17T14:17:50,00:00:00
7434885.batch,batch,soh,05:02:56,631536K,153048K,05:05:14,05:05:14,18314,0:0,631536K,153048K,3.71M,c2511,0,0.01M,c2511,0,2583,1,130000Mc,1,1,1,,2024-09-17T09:12:36,2024-09-17T09:12:36,2024-09-17T14:17:50,00:00:00
7434849,wf-pomcppf-${SLURM_JOB_ID},soh,,,,00:26:17,00:26:17,1577,0:0,,,,,,,,,,1,130000Mc,1,1,1,alirezas,2024-09-17T00:43:43,2024-09-17T06:41:52,2024-09-17T07:08:09,00:00:00
7434849.batch,batch,soh,00:23:39,155256K,152916K,00:26:17,00:26:17,1577,0:0,155256K,152916K,3.71M,c2510,0,0.01M,c2510,0,75,1,130000Mc,1,1,1,,2024-09-17T06:41:52,2024-09-17T06:41:52,2024-09-17T07:08:09,00:00:00
7434768,wf-pomcppf-${SLURM_JOB_ID},soh,,,,00:18:58,00:18:58,1138,0:0,,,,,,,,,,1,130000Mc,1,1,1,alirezas,2024-09-17T00:43:42,2024-09-17T03:45:48,2024-09-17T04:04:46,00:00:00
7434768.batch,batch,soh,00:18:47,147144K,153060K,00:18:58,00:18:58,1138,0:0,147144K,153060K,3.71M,c2508,0,0.01M,c2508,0,1293,1,130000Mc,1,1,1,,2024-09-17T03:45:48,2024-09-17T03:45:48,2024-09-17T04:04:46,00:00:00
7434748,wf-pomcppf-${SLURM_JOB_ID},soh,,,,00:28:50,00:28:50,1730,0:0,,,,,,,,,,1,130000Mc,1,1,1,alirezas,2024-09-17T00:43:42,2024-09-17T03:03:44,2024-09-17T03:32:34,00:00:00
7434748.batch,batch,soh,00:28:36,214576K,153108K,00:28:50,00:28:50,1730,0:0,214576K,153108K,3.71M,c1523,0,0.01M,c1523,0,2224,1,130000Mc,1,1,1,,2024-09-17T03:03:44,2024-09-17T03:03:44,2024-09-17T03:32:34,00:00:00
7434770,wf-pomcppf-${SLURM_JOB_ID},soh,,,,00:01:56,00:01:56,116,0:0,,,,,,,,,,1,130000Mc,1,1,1,alirezas,2024-09-17T00:43:42,2024-09-17T03:46:18,2024-09-17T03:48:14,00:00:00
7434770.batch,batch,soh,00:01:50,63892K,153056K,00:01:56,00:01:56,116,0:0,63892K,153056K,3.71M,c2510,0,0.01M,c2510,0,41,1,130000Mc,1,1,1,,2024-09-17T03:46:18,2024-09-17T03:46:18,2024-09-17T03:48:14,00:00:00
7434879,wf-pomcppf-${SLURM_JOB_ID},soh,,,,04:32:53,04:32:53,16373,0:0,,,,,,,,,,1,130000Mc,1,1,1,alirezas,2024-09-17T00:43:43,2024-09-17T08:35:15,2024-09-17T13:08:08,00:00:00
7434879.batch,batch,soh,04:28:38,533992K,152916K,04:32:53,04:32:53,16373,0:0,533992K,152916K,3.71M,c2509,0,0.01M,c2509,0,1466,1,130000Mc,1,1,1,,2024-09-17T08:35:15,2024-09-17T08:35:15,2024-09-17T13:08:08,00:00:00
7434709,wf-pomcppf-${SLURM_JOB_ID},soh,,,,00:00:19,00:00:19,19,0:0,,,,,,,,,,1,130000Mc,1,1,1,alirezas,2024-09-17T00:43:42,2024-09-17T01:22:36,2024-09-17T01:22:55,00:00:00
7434709.batch,batch,soh,00:00:15,0,153108K,00:00:19,00:00:19,19,0:0,0,153108K,0,c1517,0,0,c1517,0,2223,1,130000Mc,1,1,1,,2024-09-17T01:22:36,2024-09-17T01:22:36,2024-09-17T01:22:55,00:00:00
7434788,wf-pomcppf-${SLURM_JOB_ID},soh,,,,00:34:44,00:34:44,2084,0:0,,,,,,,,,,1,130000Mc,1,1,1,alirezas,2024-09-17T00:43:43,2024-09-17T04:05:02,2024-09-17T04:39:46,00:00:00
7434788.batch,batch,soh,00:34:28,267748K,153060K,00:34:44,00:34:44,2084,0:0,267748K,153060K,3.71M,c2508,0,0.01M,c2508,0,1030,1,130000Mc,1,1,1,,2024-09-17T04:05:02,2024-09-17T04:05:02,2024-09-17T04:39:46,00:00:00
7434742,wf-pomcppf-${SLURM_JOB_ID},soh,,,,00:00:48,00:00:48,48,0:0,,,,,,,,,,1,130000Mc,1,1,1,alirezas,2024-09-17T00:43:42,2024-09-17T02:49:00,2024-09-17T02:49:48,00:00:00
7434742.batch,batch,soh,00:00:44,59016K,153108K,00:00:48,00:00:48,48,0:0,59016K,153108K,3.71M,c1523,0,0.01M,c1523,0,2224,1,130000Mc,1,1,1,,2024-09-17T02:49:00,2024-09-17T02:49:00,2024-09-17T02:49:48,00:00:00
7434841,wf-pomcppf-${SLURM_JOB_ID},soh,,,,00:24:40,00:24:40,1480,0:0,,,,,,,,,,1,130000Mc,1,1,1,alirezas,2024-09-17T00:43:43,2024-09-17T06:11:03,2024-09-17T06:35:43,00:00:00
7434841.batch,batch,soh,00:23:59,190M,153048K,00:24:40,00:24:40,1480,0:0,190M,153048K,3.71M,c2510,0,0.01M,c2510,0,167,1,130000Mc,1,1,1,,2024-09-17T06:11:03,2024-09-17T06:11:03,2024-09-17T06:35:43,00:00:00
7434728,wf-pomcppf-${SLURM_JOB_ID},soh,,,,00:00:29,00:00:29,29,0:0,,,,,,,,,,1,130000Mc,1,1,1,alirezas,2024-09-17T00:43:42,2024-09-17T02:01:42,2024-09-17T02:02:11,00:00:00
7434728.batch,batch,soh,00:00:24,0,153108K,00:00:29,00:00:29,29,0:0,0,153108K,0,c1517,0,0,c1517,0,2223,1,130000Mc,1,1,1,,2024-09-17T02:01:42,2024-09-17T02:01:42,2024-09-17T02:02:11,00:00:00
7434815,wf-pomcppf-${SLURM_JOB_ID},soh,,,,00:44:22,00:44:22,2662,0:0,,,,,,,,,,1,130000Mc,1,1,1,alirezas,2024-09-17T00:43:43,2024-09-17T05:05:00,2024-09-17T05:49:22,00:00:00
7434815.batch,batch,soh,00:42:54,310624K,152916K,00:44:22,00:44:22,2662,0:0,310624K,152916K,3.71M,c2510,0,0.01M,c2510,0,126,1,130000Mc,1,1,1,,2024-09-17T05:05:00,2024-09-17T05:05:00,2024-09-17T05:49:22,00:00:00
7434747,wf-pomcppf-${SLURM_JOB_ID},soh,,,,00:13:26,00:13:26,806,0:0,,,,,,,,,,1,130000Mc,1,1,1,alirezas,2024-09-17T00:43:42,2024-09-17T03:03:44,2024-09-17T03:17:10,00:00:00
7434747.batch,batch,soh,00:13:18,139056K,153108K,00:13:26,00:13:26,806,0:0,139056K,153108K,3.71M,c1517,0,0.01M,c1517,0,2223,1,130000Mc,1,1,1,,2024-09-17T03:03:44,2024-09-17T03:03:44,2024-09-17T03:17:10,00:00:00
7434752,wf-pomcppf-${SLURM_JOB_ID},soh,,,,00:06:50,00:06:50,410,0:0,,,,,,,,,,1,130000Mc,1,1,1,alirezas,2024-09-17T00:43:42,2024-09-17T03:26:31,2024-09-17T03:33:21,00:00:00
7434752.batch,batch,soh,00:06:44,100608K,153108K,00:06:50,00:06:50,410,0:0,100608K,153108K,3.71M,c1517,0,0.01M,c1517,0,2223,1,130000Mc,1,1,1,,2024-09-17T03:26:31,2024-09-17T03:26:31,2024-09-17T03:33:21,00:00:00
7434758,wf-pomcppf-${SLURM_JOB_ID},soh,,,,00:07:37,00:07:37,457,0:0,,,,,,,,,,1,130000Mc,1,1,1,alirezas,2024-09-17T00:43:42,2024-09-17T03:41:42,2024-09-17T03:49:19,00:00:00
7434758.batch,batch,soh,00:07:18,90988K,153060K,00:07:37,00:07:37,457,0:0,90988K,153060K,3.71M,c2508,0,0.01M,c2508,0,1160,1,130000Mc,1,1,1,,2024-09-17T03:41:42,2024-09-17T03:41:42,2024-09-17T03:49:19,00:00:00
7434868,wf-pomcppf-${SLURM_JOB_ID},soh,,,,00:16:40,00:16:40,1000,0:0,,,,,,,,,,1,130000Mc,1,1,1,alirezas,2024-09-17T00:43:43,2024-09-17T07:47:16,2024-09-17T08:03:56,00:00:00
7434868.batch,batch,soh,00:16:32,186304K,153108K,00:16:40,00:16:40,1000,0:0,186304K,153108K,3.71M,c1415,0,0.01M,c1415,0,2219,1,130000Mc,1,1,1,,2024-09-17T07:47:16,2024-09-17T07:47:16,2024-09-17T08:03:56,00:00:00
7434769,wf-pomcppf-${SLURM_JOB_ID},soh,,,,00:48:15,00:48:15,2895,0:0,,,,,,,,,,1,130000Mc,1,1,1,alirezas,2024-09-17T00:43:42,2024-09-17T03:45:48,2024-09-17T04:34:03,00:00:00
7434769.batch,batch,soh,00:47:28,236036K,153060K,00:48:15,00:48:15,2895,0:0,236036K,153060K,3.71M,c2510,0,0.01M,c2510,0,53,1,130000Mc,1,1,1,,2024-09-17T03:45:48,2024-09-17T03:45:48,2024-09-17T04:34:03,00:00:00
7434807,wf-pomcppf-${SLURM_JOB_ID},soh,,,,00:26:43,00:26:43,1603,0:0,,,,,,,,,,1,130000Mc,1,1,1,alirezas,2024-09-17T00:43:43,2024-09-17T04:45:40,2024-09-17T05:12:23,00:00:00
7434807.batch,batch,soh,00:24:45,187548K,153060K,00:26:43,00:26:43,1603,0:0,187548K,153060K,3.71M,c2510,0,0.01M,c2510,0,1118,1,130000Mc,1,1,1,,2024-09-17T04:45:40,2024-09-17T04:45:40,2024-09-17T05:12:23,00:00:00
7434889,wf-pomcppf-${SLURM_JOB_ID},soh,,,,00:45:11,00:45:11,2711,0:0,,,,,,,,,,1,130000Mc,1,1,1,alirezas,2024-09-17T00:43:44,2024-09-17T10:18:55,2024-09-17T11:04:06,00:00:00
7434889.batch,batch,soh,00:44:40,236008K,153108K,00:45:11,00:45:11,2711,0:0,236008K,153108K,3.71M,c1525,0,0.01M,c1525,0,2235,1,130000Mc,1,1,1,,2024-09-17T10:18:55,2024-09-17T10:18:55,2024-09-17T11:04:06,00:00:00
7434869,wf-pomcppf-${SLURM_JOB_ID},soh,,,,00:26:14,00:26:14,1574,0:0,,,,,,,,,,1,130000Mc,1,1,1,alirezas,2024-09-17T00:43:43,2024-09-17T07:48:47,2024-09-17T08:15:01,00:00:00
7434869.batch,batch,soh,00:26:04,301008K,153112K,00:26:14,00:26:14,1574,0:0,301008K,153112K,3.71M,c1517,0,0.01M,c1517,0,2238,1,130000Mc,1,1,1,,2024-09-17T07:48:47,2024-09-17T07:48:47,2024-09-17T08:15:01,00:00:00
7434859,wf-pomcppf-${SLURM_JOB_ID},soh,,,,06:51:15,06:51:15,24675,0:0,,,,,,,,,,1,130000Mc,1,1,1,alirezas,2024-09-17T00:43:43,2024-09-17T07:19:17,2024-09-17T14:10:32,00:00:00
7434859.batch,batch,soh,06:46:40,1001500K,153060K,06:51:15,06:51:15,24675,0:0,1001500K,153060K,3.71M,c2509,0,0.01M,c2509,0,933,1,130000Mc,1,1,1,,2024-09-17T07:19:17,2024-09-17T07:19:17,2024-09-17T14:10:32,00:00:00
7434857,wf-pomcppf-${SLURM_JOB_ID},soh,,,,01:19:57,01:19:57,4797,0:0,,,,,,,,,,1,130000Mc,1,1,1,alirezas,2024-09-17T00:43:43,2024-09-17T07:08:34,2024-09-17T08:28:31,00:00:00
7434857.batch,batch,soh,01:17:15,336196K,153060K,01:19:57,01:19:57,4797,0:0,336196K,153060K,3.71M,c2510,0,0.01M,c2510,0,200,1,130000Mc,1,1,1,,2024-09-17T07:08:34,2024-09-17T07:08:34,2024-09-17T08:28:31,00:00:00
7434877,wf-pomcppf-${SLURM_JOB_ID},soh,,,,00:42:25,00:42:25,2545,0:0,,,,,,,,,,1,130000Mc,1,1,1,alirezas,2024-09-17T00:43:43,2024-09-17T08:25:35,2024-09-17T09:08:00,00:00:00
7434877.batch,batch,soh,00:42:12,240156K,153108K,00:42:25,00:42:25,2545,0:0,240156K,153108K,3.71M,c1517,0,0.01M,c1517,0,2249,1,130000Mc,1,1,1,,2024-09-17T08:25:35,2024-09-17T08:25:35,2024-09-17T09:08:00,00:00:00
7434740,wf-pomcppf-${SLURM_JOB_ID},soh,,,,00:07:09,00:07:09,429,0:0,,,,,,,,,,1,130000Mc,1,1,1,alirezas,2024-09-17T00:43:42,2024-09-17T02:38:51,2024-09-17T02:46:00,00:00:00
7434740.batch,batch,soh,00:07:03,106032K,153108K,00:07:09,00:07:09,429,0:0,106032K,153108K,3.71M,c1517,0,0.01M,c1517,0,2223,1,130000Mc,1,1,1,,2024-09-17T02:38:51,2024-09-17T02:38:51,2024-09-17T02:46:00,00:00:00
7434711,wf-pomcppf-${SLURM_JOB_ID},soh,,,,00:00:39,00:00:39,39,0:0,,,,,,,,,,1,130000Mc,1,1,1,alirezas,2024-09-17T00:43:42,2024-09-17T01:23:37,2024-09-17T01:24:16,00:00:00
7434711.batch,batch,soh,00:00:35,63432K,153108K,00:00:39,00:00:39,39,0:0,63432K,153108K,3.71M,c1517,0,0.01M,c1517,0,2223,1,130000Mc,1,1,1,,2024-09-17T01:23:37,2024-09-17T01:23:37,2024-09-17T01:24:16,00:00:00
7434707,wf-pomcppf-${SLURM_JOB_ID},soh,,,,00:00:10,00:00:10,10,0:0,,,,,,,,,,1,130000Mc,1,1,1,alirezas,2024-09-17T00:43:42,2024-09-17T01:21:35,2024-09-17T01:21:45,00:00:00
7434707.batch,batch,soh,00:00:06,0,153108K,00:00:10,00:00:10,10,0:0,0,153108K,0,c1517,0,0,c1517,0,2223,1,130000Mc,1,1,1,,2024-09-17T01:21:35,2024-09-17T01:21:35,2024-09-17T01:21:45,00:00:00
7434718,wf-pomcppf-${SLURM_JOB_ID},soh,,,,00:01:09,00:01:09,69,0:0,,,,,,,,,,1,130000Mc,1,1,1,alirezas,2024-09-17T00:43:42,2024-09-17T01:31:43,2024-09-17T01:32:52,00:00:00
7434718.batch,batch,soh,00:01:03,64812K,153108K,00:01:09,00:01:09,69,0:0,64812K,153108K,3.71M,c1517,0,0.01M,c1517,0,2223,1,130000Mc,1,1,1,,2024-09-17T01:31:43,2024-09-17T01:31:43,2024-09-17T01:32:52,00:00:00
7434851,wf-pomcppf-${SLURM_JOB_ID},soh,,,,01:14:20,01:14:20,4460,0:0,,,,,,,,,,1,130000Mc,1,1,1,alirezas,2024-09-17T00:43:43,2024-09-17T06:43:56,2024-09-17T07:58:16,00:00:00
7434851.batch,batch,soh,01:11:29,291268K,153060K,01:14:20,01:14:20,4460,0:0,291268K,153060K,3.71M,c2510,0,0.01M,c2510,0,1095,1,130000Mc,1,1,1,,2024-09-17T06:43:56,2024-09-17T06:43:56,2024-09-17T07:58:16,00:00:00
7434829,wf-pomcppf-${SLURM_JOB_ID},soh,,,,00:36:03,00:36:03,2163,0:0,,,,,,,,,,1,130000Mc,1,1,1,alirezas,2024-09-17T00:43:43,2024-09-17T05:23:53,2024-09-17T05:59:56,00:00:00
7434829.batch,batch,soh,00:35:46,223680K,153060K,00:36:03,00:36:03,2163,0:0,223680K,153060K,3.71M,c2508,0,0.01M,c2508,0,955,1,130000Mc,1,1,1,,2024-09-17T05:23:53,2024-09-17T05:23:53,2024-09-17T05:59:56,00:00:00
7434776,wf-pomcppf-${SLURM_JOB_ID},soh,,,,01:21:59,01:21:59,4919,0:0,,,,,,,,,,1,130000Mc,1,1,1,alirezas,2024-09-17T00:43:42,2024-09-17T03:50:21,2024-09-17T05:12:20,00:00:00
7434776.batch,batch,soh,01:20:37,390052K,153060K,01:21:59,01:21:59,4919,0:0,390052K,153060K,3.71M,c2510,0,0.01M,c2510,0,90,1,130000Mc,1,1,1,,2024-09-17T03:50:21,2024-09-17T03:50:21,2024-09-17T05:12:20,00:00:00
7434799,wf-pomcppf-${SLURM_JOB_ID},soh,,,,00:08:38,00:08:38,518,0:0,,,,,,,,,,1,130000Mc,1,1,1,alirezas,2024-09-17T00:43:43,2024-09-17T04:27:52,2024-09-17T04:36:30,00:00:00
7434799.batch,batch,soh,00:07:56,85192K,153056K,00:08:38,00:08:38,518,0:0,85192K,153056K,3.71M,c2510,0,0.01M,c2510,0,74,1,130000Mc,1,1,1,,2024-09-17T04:27:52,2024-09-17T04:27:52,2024-09-17T04:36:30,00:00:00
7434814,wf-pomcppf-${SLURM_JOB_ID},soh,,,,00:26:12,00:26:12,1572,0:0,,,,,,,,,,1,130000Mc,1,1,1,alirezas,2024-09-17T00:43:43,2024-09-17T04:57:22,2024-09-17T05:23:34,00:00:00
7434814.batch,batch,soh,00:25:58,239640K,153060K,00:26:12,00:26:12,1572,0:0,239640K,153060K,3.71M,c2508,0,0.01M,c2508,0,955,1,130000Mc,1,1,1,,2024-09-17T04:57:22,2024-09-17T04:57:22,2024-09-17T05:23:34,00:00:00
7434862,wf-pomcppf-${SLURM_JOB_ID},soh,,,,00:24:33,00:24:33,1473,0:0,,,,,,,,,,1,130000Mc,1,1,1,alirezas,2024-09-17T00:43:43,2024-09-17T07:22:21,2024-09-17T07:46:54,00:00:00
7434862.batch,batch,soh,00:24:24,226404K,153108K,00:24:33,00:24:33,1473,0:0,226404K,153108K,3.71M,c1415,0,0.01M,c1415,0,2224,1,130000Mc,1,1,1,,2024-09-17T07:22:21,2024-09-17T07:22:21,2024-09-17T07:46:54,00:00:00
7434783,wf-pomcppf-${SLURM_JOB_ID},soh,,,,02:04:14,02:04:14,7454,0:0,,,,,,,,,,1,130000Mc,1,1,1,alirezas,2024-09-17T00:43:42,2024-09-17T03:57:56,2024-09-17T06:02:10,00:00:00
7434783.batch,batch,soh,02:02:01,694424K,153048K,02:04:14,02:04:14,7454,0:0,694424K,153048K,3.71M,c2510,0,0.01M,c2510,0,94,1,130000Mc,1,1,1,,2024-09-17T03:57:56,2024-09-17T03:57:56,2024-09-17T06:02:10,00:00:00
7434875,wf-pomcppf-${SLURM_JOB_ID},soh,,,,00:09:47,00:09:47,587,0:0,,,,,,,,,,1,130000Mc,1,1,1,alirezas,2024-09-17T00:43:43,2024-09-17T08:15:22,2024-09-17T08:25:09,00:00:00
7434875.batch,batch,soh,00:09:40,105232K,153108K,00:09:47,00:09:47,587,0:0,105232K,153108K,3.71M,c1517,0,0.01M,c1517,0,2226,1,130000Mc,1,1,1,,2024-09-17T08:15:22,2024-09-17T08:15:22,2024-09-17T08:25:09,00:00:00
7434873,wf-pomcppf-${SLURM_JOB_ID},soh,,,,05:04:52,05:04:52,18292,0:0,,,,,,,,,,1,130000Mc,1,1,1,alirezas,2024-09-17T00:43:43,2024-09-17T08:04:08,2024-09-17T13:09:00,00:00:00
7434873.batch,batch,soh,05:03:48,2660220K,153108K,05:04:52,05:04:52,18292,0:0,2660220K,153108K,3.71M,c1415,0,0.01M,c1415,0,3351,1,130000Mc,1,1,1,,2024-09-17T08:04:08,2024-09-17T08:04:08,2024-09-17T13:09:00,00:00:00
7434823,wf-pomcppf-${SLURM_JOB_ID},soh,,,,00:40:09,00:40:09,2409,0:0,,,,,,,,,,1,130000Mc,1,1,1,alirezas,2024-09-17T00:43:43,2024-09-17T05:13:38,2024-09-17T05:53:47,00:00:00
7434823.batch,batch,soh,00:37:19,192740K,153056K,00:40:09,00:40:09,2409,0:0,192740K,153056K,3.71M,c2510,0,0.01M,c2510,0,88,1,130000Mc,1,1,1,,2024-09-17T05:13:38,2024-09-17T05:13:38,2024-09-17T05:53:47,00:00:00
7434751,wf-pomcppf-${SLURM_JOB_ID},soh,,,,00:04:28,00:04:28,268,0:0,,,,,,,,,,1,130000Mc,1,1,1,alirezas,2024-09-17T00:43:42,2024-09-17T03:21:57,2024-09-17T03:26:25,00:00:00
7434751.batch,batch,soh,00:04:22,82976K,153112K,00:04:28,00:04:28,268,0:0,82976K,153112K,3.71M,c1517,0,0.01M,c1517,0,2223,1,130000Mc,1,1,1,,2024-09-17T03:21:57,2024-09-17T03:21:57,2024-09-17T03:26:25,00:00:00
7434759,wf-pomcppf-${SLURM_JOB_ID},soh,,,,00:11:17,00:11:17,677,0:0,,,,,,,,,,1,130000Mc,1,1,1,alirezas,2024-09-17T00:43:42,2024-09-17T03:42:17,2024-09-17T03:53:34,00:00:00
7434759.batch,batch,soh,00:11:07,106204K,152916K,00:11:17,00:11:17,677,0:0,106204K,152916K,3.71M,c2508,0,0.01M,c2508,0,225,1,130000Mc,1,1,1,,2024-09-17T03:42:17,2024-09-17T03:42:17,2024-09-17T03:53:34,00:00:00
7434798,wf-pomcppf-${SLURM_JOB_ID},soh,,,,00:03:46,00:03:46,226,0:0,,,,,,,,,,1,130000Mc,1,1,1,alirezas,2024-09-17T00:43:43,2024-09-17T04:25:50,2024-09-17T04:29:36,00:00:00
7434798.batch,batch,soh,00:03:39,73404K,153060K,00:03:46,00:03:46,226,0:0,73404K,153060K,3.71M,c2508,0,0.01M,c2508,0,950,1,130000Mc,1,1,1,,2024-09-17T04:25:50,2024-09-17T04:25:50,2024-09-17T04:29:36,00:00:00
7434808,wf-pomcppf-${SLURM_JOB_ID},soh,,,,00:28:07,00:28:07,1687,0:0,,,,,,,,,,1,130000Mc,1,1,1,alirezas,2024-09-17T00:43:43,2024-09-17T04:47:43,2024-09-17T05:15:50,00:00:00
7434808.batch,batch,soh,00:27:54,255212K,153112K,00:28:07,00:28:07,1687,0:0,255212K,153112K,3.71M,c1822,0,0.01M,c1822,0,2226,1,130000Mc,1,1,1,,2024-09-17T04:47:43,2024-09-17T04:47:43,2024-09-17T05:15:50,00:00:00
7434834,wf-pomcppf-${SLURM_JOB_ID},soh,,,,00:21:30,00:21:30,1290,0:0,,,,,,,,,,1,130000Mc,1,1,1,alirezas,2024-09-17T00:43:43,2024-09-17T05:49:30,2024-09-17T06:11:00,00:00:00
7434834.batch,batch,soh,00:20:34,156060K,153056K,00:21:30,00:21:30,1290,0:0,156060K,153056K,3.71M,c2510,0,0.01M,c2510,0,99,1,130000Mc,1,1,1,,2024-09-17T05:49:30,2024-09-17T05:49:30,2024-09-17T06:11:00,00:00:00
7434761,wf-pomcppf-${SLURM_JOB_ID},soh,,,,00:40:50,00:40:50,2450,0:0,,,,,,,,,,1,130000Mc,1,1,1,alirezas,2024-09-17T00:43:42,2024-09-17T03:43:17,2024-09-17T04:24:07,00:00:00
7434761.batch,batch,soh,00:40:06,233464K,153060K,00:40:50,00:40:50,2450,0:0,233464K,153060K,3.71M,c2510,0,0.01M,c2510,0,1451,1,130000Mc,1,1,1,,2024-09-17T03:43:17,2024-09-17T03:43:17,2024-09-17T04:24:07,00:00:00
7434781,wf-pomcppf-${SLURM_JOB_ID},soh,,,,00:22:18,00:22:18,1338,0:0,,,,,,,,,,1,130000Mc,1,1,1,alirezas,2024-09-17T00:43:42,2024-09-17T03:55:55,2024-09-17T04:18:13,00:00:00
7434781.batch,batch,soh,00:22:07,201544K,153108K,00:22:18,00:22:18,1338,0:0,201544K,153108K,3.71M,c1523,0,0.01M,c1523,0,2227,1,130000Mc,1,1,1,,2024-09-17T03:55:55,2024-09-17T03:55:55,2024-09-17T04:18:13,00:00:00
7434878,wf-pomcppf-${SLURM_JOB_ID},soh,,,,01:36:10,01:36:10,5770,0:0,,,,,,,,,,1,130000Mc,1,1,1,alirezas,2024-09-17T00:43:43,2024-09-17T08:28:38,2024-09-17T10:04:48,00:00:00
7434878.batch,batch,soh,01:34:30,344492K,153060K,01:36:10,01:36:10,5770,0:0,344492K,153060K,3.71M,c2510,0,0.01M,c2510,0,319,1,130000Mc,1,1,1,,2024-09-17T08:28:38,2024-09-17T08:28:38,2024-09-17T10:04:48,00:00:00
7434866,wf-pomcppf-${SLURM_JOB_ID},soh,,,,08:29:10,08:29:10,30550,0:0,,,,,,,,,,1,130000Mc,1,1,1,alirezas,2024-09-17T00:43:43,2024-09-17T07:45:14,2024-09-17T16:14:24,00:00:00
7434866.batch,batch,soh,08:25:51,1904344K,153060K,08:29:10,08:29:10,30550,0:0,1904344K,153060K,3.71M,c2510,0,0.01M,c2510,0,672,1,130000Mc,1,1,1,,2024-09-17T07:45:14,2024-09-17T07:45:14,2024-09-17T16:14:24,00:00:00
7434856,wf-pomcppf-${SLURM_JOB_ID},soh,,,,00:46:02,00:46:02,2762,0:0,,,,,,,,,,1,130000Mc,1,1,1,alirezas,2024-09-17T00:43:43,2024-09-17T07:07:33,2024-09-17T07:53:35,00:00:00
7434856.batch,batch,soh,00:45:39,239736K,153108K,00:46:02,00:46:02,2762,0:0,239736K,153108K,3.71M,c1510,0,0.01M,c1510,0,2244,1,130000Mc,1,1,1,,2024-09-17T07:07:33,2024-09-17T07:07:33,2024-09-17T07:53:35,00:00:00
7434840,wf-pomcppf-${SLURM_JOB_ID},soh,,,,00:18:32,00:18:32,1112,0:0,,,,,,,,,,1,130000Mc,1,1,1,alirezas,2024-09-17T00:43:43,2024-09-17T06:02:20,2024-09-17T06:20:52,00:00:00
7434840.batch,batch,soh,00:15:47,126208K,153060K,00:18:32,00:18:32,1112,0:0,126208K,153060K,3.71M,c2510,0,0.01M,c2510,0,117,1,130000Mc,1,1,1,,2024-09-17T06:02:20,2024-09-17T06:02:20,2024-09-17T06:20:52,00:00:00
7434764,wf-pomcppf-${SLURM_JOB_ID},soh,,,,00:01:53,00:01:53,113,0:0,,,,,,,,,,1,130000Mc,1,1,1,alirezas,2024-09-17T00:43:42,2024-09-17T03:44:17,2024-09-17T03:46:10,00:00:00
7434764.batch,batch,soh,00:01:44,73032K,152916K,00:01:53,00:01:53,113,0:0,73032K,152916K,3.71M,c2510,0,0.01M,c2510,0,41,1,130000Mc,1,1,1,,2024-09-17T03:44:17,2024-09-17T03:44:17,2024-09-17T03:46:10,00:00:00
7434790,wf-pomcppf-${SLURM_JOB_ID},soh,,,,02:34:09,02:34:09,9249,0:0,,,,,,,,,,1,130000Mc,1,1,1,alirezas,2024-09-17T00:43:43,2024-09-17T04:09:35,2024-09-17T06:43:44,00:00:00
7434790.batch,batch,soh,02:33:19,950512K,153060K,02:34:09,02:34:09,9249,0:0,950512K,153060K,3.71M,c2508,0,0.01M,c2508,0,274,1,130000Mc,1,1,1,,2024-09-17T04:09:35,2024-09-17T04:09:35,2024-09-17T06:43:44,00:00:00
7434743,wf-pomcppf-${SLURM_JOB_ID},soh,,,,00:01:23,00:01:23,83,0:0,,,,,,,,,,1,130000Mc,1,1,1,alirezas,2024-09-17T00:43:42,2024-09-17T02:50:01,2024-09-17T02:51:24,00:00:00
7434743.batch,batch,soh,00:01:18,59428K,153096K,00:01:23,00:01:23,83,0:0,59428K,153096K,3.71M,c1523,0,0.01M,c1523,0,2224,1,130000Mc,1,1,1,,2024-09-17T02:50:01,2024-09-17T02:50:01,2024-09-17T02:51:24,00:00:00
7434796,wf-pomcppf-${SLURM_JOB_ID},soh,,,,00:28:58,00:28:58,1738,0:0,,,,,,,,,,1,130000Mc,1,1,1,alirezas,2024-09-17T00:43:43,2024-09-17T04:24:19,2024-09-17T04:53:17,00:00:00
7434796.batch,batch,soh,00:28:48,238600K,153108K,00:28:58,00:28:58,1738,0:0,238600K,153108K,3.71M,c1517,0,0.01M,c1517,0,2255,1,130000Mc,1,1,1,,2024-09-17T04:24:19,2024-09-17T04:24:19,2024-09-17T04:53:17,00:00:00
7434754,wf-pomcppf-${SLURM_JOB_ID},soh,,,,00:23:12,00:23:12,1392,0:0,,,,,,,,,,1,130000Mc,1,1,1,alirezas,2024-09-17T00:43:42,2024-09-17T03:32:35,2024-09-17T03:55:47,00:00:00
7434754.batch,batch,soh,00:23:00,194840K,153108K,00:23:12,00:23:12,1392,0:0,194840K,153108K,3.71M,c1523,0,0.01M,c1523,0,2224,1,130000Mc,1,1,1,,2024-09-17T03:32:35,2024-09-17T03:32:35,2024-09-17T03:55:47,00:00:00
7434886,wf-pomcppf-${SLURM_JOB_ID},soh,,,,09:03:18,09:03:18,32598,0:0,,,,,,,,,,1,130000Mc,1,1,1,alirezas,2024-09-17T00:43:44,2024-09-17T09:23:52,2024-09-17T18:27:10,00:00:00
7434886.batch,batch,soh,08:59:29,1000548K,153108K,09:03:18,09:03:18,32598,0:0,1000548K,153108K,3.71M,c1510,0,0.01M,c1510,0,4207,1,130000Mc,1,1,1,,2024-09-17T09:23:52,2024-09-17T09:23:52,2024-09-17T18:27:10,00:00:00
7434828,wf-pomcppf-${SLURM_JOB_ID},soh,,,,00:29:46,00:29:46,1786,0:0,,,,,,,,,,1,130000Mc,1,1,1,alirezas,2024-09-17T00:43:43,2024-09-17T05:21:19,2024-09-17T05:51:05,00:00:00
7434828.batch,batch,soh,00:27:16,163660K,153056K,00:29:46,00:29:46,1786,0:0,163660K,153056K,3.71M,c2509,0,0.01M,c2509,0,45,1,130000Mc,1,1,1,,2024-09-17T05:21:19,2024-09-17T05:21:19,2024-09-17T05:51:05,00:00:00
7434727,wf-pomcppf-${SLURM_JOB_ID},soh,,,,00:09:02,00:09:02,542,0:0,,,,,,,,,,1,130000Mc,1,1,1,alirezas,2024-09-17T00:43:42,2024-09-17T01:52:33,2024-09-17T02:01:35,00:00:00
7434727.batch,batch,soh,00:08:55,79712K,153096K,00:09:02,00:09:02,542,0:0,79712K,153096K,3.71M,c1517,0,0.01M,c1517,0,2223,1,130000Mc,1,1,1,,2024-09-17T01:52:33,2024-09-17T01:52:33,2024-09-17T02:01:35,00:00:00
7434739,wf-pomcppf-${SLURM_JOB_ID},soh,,,,00:03:31,00:03:31,211,0:0,,,,,,,,,,1,130000Mc,1,1,1,alirezas,2024-09-17T00:43:42,2024-09-17T02:35:17,2024-09-17T02:38:48,00:00:00
7434739.batch,batch,soh,00:03:26,85288K,153108K,00:03:31,00:03:31,211,0:0,85288K,153108K,3.71M,c1517,0,0.01M,c1517,0,2223,1,130000Mc,1,1,1,,2024-09-17T02:35:17,2024-09-17T02:35:17,2024-09-17T02:38:48,00:00:00
7434750,wf-pomcppf-${SLURM_JOB_ID},soh,,,,00:02:36,00:02:36,156,0:0,,,,,,,,,,1,130000Mc,1,1,1,alirezas,2024-09-17T00:43:42,2024-09-17T03:18:55,2024-09-17T03:21:31,00:00:00
7434750.batch,batch,soh,00:02:30,67204K,153112K,00:02:36,00:02:36,156,0:0,67204K,153112K,3.71M,c1517,0,0.01M,c1517,0,2223,1,130000Mc,1,1,1,,2024-09-17T03:18:55,2024-09-17T03:18:55,2024-09-17T03:21:31,00:00:00
7434846,wf-pomcppf-${SLURM_JOB_ID},soh,,,,08:08:38,08:08:38,29318,0:0,,,,,,,,,,1,130000Mc,1,1,1,alirezas,2024-09-17T00:43:43,2024-09-17T06:30:03,2024-09-17T14:38:41,00:00:00
7434846.batch,batch,soh,08:05:20,3117336K,152916K,08:08:38,08:08:38,29318,0:0,3117336K,152916K,3.71M,c2511,0,0.01M,c2511,0,3607,1,130000Mc,1,1,1,,2024-09-17T06:30:03,2024-09-17T06:30:03,2024-09-17T14:38:41,00:00:00
7434732,wf-pomcppf-${SLURM_JOB_ID},soh,,,,00:03:17,00:03:17,197,0:0,,,,,,,,,,1,130000Mc,1,1,1,alirezas,2024-09-17T00:43:42,2024-09-17T02:06:47,2024-09-17T02:10:04,00:00:00
7434732.batch,batch,soh,00:03:11,66672K,153108K,00:03:17,00:03:17,197,0:0,66672K,153108K,3.71M,c1517,0,0.01M,c1517,0,2223,1,130000Mc,1,1,1,,2024-09-17T02:06:47,2024-09-17T02:06:47,2024-09-17T02:10:04,00:00:00
7434863,wf-pomcppf-${SLURM_JOB_ID},soh,,,,01:11:05,01:11:05,4265,0:0,,,,,,,,,,1,130000Mc,1,1,1,alirezas,2024-09-17T00:43:43,2024-09-17T07:27:26,2024-09-17T08:38:31,00:00:00
7434863.batch,batch,soh,01:10:37,403060K,153060K,01:11:05,01:11:05,4265,0:0,403060K,153060K,3.71M,c2508,0,0.01M,c2508,0,290,1,130000Mc,1,1,1,,2024-09-17T07:27:26,2024-09-17T07:27:26,2024-09-17T08:38:31,00:00:00
7434813,wf-pomcppf-${SLURM_JOB_ID},soh,,,,00:17:25,00:17:25,1045,0:0,,,,,,,,,,1,130000Mc,1,1,1,alirezas,2024-09-17T00:43:43,2024-09-17T04:55:20,2024-09-17T05:12:45,00:00:00
7434813.batch,batch,soh,00:16:06,149532K,153056K,00:17:25,00:17:25,1045,0:0,149532K,153056K,3.71M,c2510,0,0.01M,c2510,0,273,1,130000Mc,1,1,1,,2024-09-17T04:55:20,2024-09-17T04:55:20,2024-09-17T05:12:45,00:00:00
7434843,wf-pomcppf-${SLURM_JOB_ID},soh,,,,01:09:34,01:09:34,4174,0:0,,,,,,,,,,1,130000Mc,1,1,1,alirezas,2024-09-17T00:43:43,2024-09-17T06:12:35,2024-09-17T07:22:09,00:00:00
7434843.batch,batch,soh,01:06:36,506972K,153060K,01:09:34,01:09:34,4174,0:0,506972K,153060K,3.71M,c2510,0,0.01M,c2510,0,235,1,130000Mc,1,1,1,,2024-09-17T06:12:35,2024-09-17T06:12:35,2024-09-17T07:22:09,00:00:00
7434835,wf-pomcppf-${SLURM_JOB_ID},soh,,,,00:43:55,00:43:55,2635,0:0,,,,,,,,,,1,130000Mc,1,1,1,alirezas,2024-09-17T00:43:43,2024-09-17T05:50:32,2024-09-17T06:34:27,00:00:00
7434835.batch,batch,soh,00:40:39,256548K,153060K,00:43:55,00:43:55,2635,0:0,256548K,153060K,3.71M,c2510,0,0.01M,c2510,0,1110,1,130000Mc,1,1,1,,2024-09-17T05:50:32,2024-09-17T05:50:32,2024-09-17T06:34:27,00:00:00
7434871,wf-pomcppf-${SLURM_JOB_ID},soh,,,,02:03:56,02:03:56,7436,0:0,,,,,,,,,,1,130000Mc,1,1,1,alirezas,2024-09-17T00:43:43,2024-09-17T07:58:31,2024-09-17T10:02:27,00:00:00
7434871.batch,batch,soh,02:02:01,825728K,153060K,02:03:56,02:03:56,7436,0:0,825728K,153060K,3.71M,c2510,0,0.01M,c2510,0,1150,1,130000Mc,1,1,1,,2024-09-17T07:58:31,2024-09-17T07:58:31,2024-09-17T10:02:27,00:00:00
7434713,wf-pomcppf-${SLURM_JOB_ID},soh,,,,00:02:20,00:02:20,140,0:0,,,,,,,,,,1,130000Mc,1,1,1,alirezas,2024-09-17T00:43:42,2024-09-17T01:26:09,2024-09-17T01:28:29,00:00:00
7434713.batch,batch,soh,00:02:15,76248K,153108K,00:02:20,00:02:20,140,0:0,76248K,153108K,3.71M,c1517,0,0.01M,c1517,0,2223,1,130000Mc,1,1,1,,2024-09-17T01:26:09,2024-09-17T01:26:09,2024-09-17T01:28:29,00:00:00
7434893,wf-pomcppf-${SLURM_JOB_ID},soh,,,,06:30:53,06:30:53,23453,0:0,,,,,,,,,,1,130000Mc,1,1,1,alirezas,2024-09-17T00:43:44,2024-09-17T10:33:14,2024-09-17T17:04:07,00:00:00
7434893.batch,batch,soh,06:29:27,1892368K,153096K,06:30:53,06:30:53,23453,0:0,1892368K,153096K,3.71M,c1517,0,0.01M,c1517,0,3731,1,130000Mc,1,1,1,,2024-09-17T10:33:14,2024-09-17T10:33:14,2024-09-17T17:04:07,00:00:00
7434777,wf-pomcppf-${SLURM_JOB_ID},soh,,,,00:03:23,00:03:23,203,0:0,,,,,,,,,,1,130000Mc,1,1,1,alirezas,2024-09-17T00:43:42,2024-09-17T03:53:23,2024-09-17T03:56:46,00:00:00
7434777.batch,batch,soh,00:03:16,66076K,153052K,00:03:23,00:03:23,203,0:0,66076K,153052K,3.71M,c2510,0,0.01M,c2510,0,41,1,130000Mc,1,1,1,,2024-09-17T03:53:23,2024-09-17T03:53:23,2024-09-17T03:56:46,00:00:00
7434756,wf-pomcppf-${SLURM_JOB_ID},soh,,,,00:01:41,00:01:41,101,0:0,,,,,,,,,,1,130000Mc,1,1,1,alirezas,2024-09-17T00:43:42,2024-09-17T03:39:40,2024-09-17T03:41:21,00:00:00
7434756.batch,batch,soh,00:01:35,57604K,153096K,00:01:41,00:01:41,101,0:0,57604K,153096K,3.71M,c1905,0,0.01M,c1905,0,2220,1,130000Mc,1,1,1,,2024-09-17T03:39:40,2024-09-17T03:39:40,2024-09-17T03:41:21,00:00:00
7434804,wf-pomcppf-${SLURM_JOB_ID},soh,,,,03:35:54,03:35:54,12954,0:0,,,,,,,,,,1,130000Mc,1,1,1,alirezas,2024-09-17T00:43:43,2024-09-17T04:40:05,2024-09-17T08:15:59,00:00:00
7434804.batch,batch,soh,03:34:42,775336K,153060K,03:35:54,03:35:54,12954,0:0,775336K,153060K,3.71M,c2508,0,0.01M,c2508,0,941,1,130000Mc,1,1,1,,2024-09-17T04:40:05,2024-09-17T04:40:05,2024-09-17T08:15:59,00:00:00
7434714,wf-pomcppf-${SLURM_JOB_ID},soh,,,,00:00:12,00:00:12,12,0:0,,,,,,,,,,1,130000Mc,1,1,1,alirezas,2024-09-17T00:43:42,2024-09-17T01:28:41,2024-09-17T01:28:53,00:00:00
7434714.batch,batch,soh,00:00:09,0,153108K,00:00:12,00:00:12,12,0:0,0,153108K,0,c1517,0,0,c1517,0,2223,1,130000Mc,1,1,1,,2024-09-17T01:28:41,2024-09-17T01:28:41,2024-09-17T01:28:53,00:00:00
7434744,wf-pomcppf-${SLURM_JOB_ID},soh,,,,00:02:24,00:02:24,144,0:0,,,,,,,,,,1,130000Mc,1,1,1,alirezas,2024-09-17T00:43:42,2024-09-17T02:51:32,2024-09-17T02:53:56,00:00:00
7434744.batch,batch,soh,00:02:19,77868K,153096K,00:02:24,00:02:24,144,0:0,77868K,153096K,3.71M,c1523,0,0.01M,c1523,0,2224,1,130000Mc,1,1,1,,2024-09-17T02:51:32,2024-09-17T02:51:32,2024-09-17T02:53:56,00:00:00
7434888,wf-pomcppf-${SLURM_JOB_ID},soh,,,,1-02:24:07,1-02:24:07,95047,0:0,,,,,,,,,,1,130000Mc,1,1,1,alirezas,2024-09-17T00:43:44,2024-09-17T10:13:17,2024-09-18T12:37:24,00:00:00
7434888.batch,batch,soh,1-02:17:02,3812348K,153108K,1-02:24:07,1-02:24:07,95047,0:0,3812348K,153108K,3.71M,c1522,0,0.01M,c1522,0,7677,1,130000Mc,1,1,1,,2024-09-17T10:13:17,2024-09-17T10:13:17,2024-09-18T12:37:24,00:00:00
7434765,wf-pomcppf-${SLURM_JOB_ID},soh,,,,00:03:26,00:03:26,206,0:0,,,,,,,,,,1,130000Mc,1,1,1,alirezas,2024-09-17T00:43:42,2024-09-17T03:44:47,2024-09-17T03:48:13,00:00:00
7434765.batch,batch,soh,00:03:15,86292K,152916K,00:03:26,00:03:26,206,0:0,86292K,152916K,3.71M,c2510,0,0.01M,c2510,0,41,1,130000Mc,1,1,1,,2024-09-17T03:44:47,2024-09-17T03:44:47,2024-09-17T03:48:13,00:00:00
7434839,wf-pomcppf-${SLURM_JOB_ID},soh,,,,09:08:36,09:08:36,32916,0:0,,,,,,,,,,1,130000Mc,1,1,1,alirezas,2024-09-17T00:43:43,2024-09-17T06:00:17,2024-09-17T15:08:53,00:00:00
7434839.batch,batch,soh,09:05:44,2167444K,153060K,09:08:36,09:08:36,32916,0:0,2167444K,153060K,3.71M,c2508,0,0.01M,c2508,0,1574,1,130000Mc,1,1,1,,2024-09-17T06:00:17,2024-09-17T06:00:17,2024-09-17T15:08:53,00:00:00
7434734,wf-pomcppf-${SLURM_JOB_ID},soh,,,,00:13:03,00:13:03,783,0:0,,,,,,,,,,1,130000Mc,1,1,1,alirezas,2024-09-17T00:43:42,2024-09-17T02:16:58,2024-09-17T02:30:01,00:00:00
7434734.batch,batch,soh,00:12:56,81000K,153104K,00:13:03,00:13:03,783,0:0,81000K,153104K,3.71M,c1517,0,0.01M,c1517,0,2223,1,130000Mc,1,1,1,,2024-09-17T02:16:58,2024-09-17T02:16:58,2024-09-17T02:30:01,00:00:00
7434855,wf-pomcppf-${SLURM_JOB_ID},soh,,,,00:28:46,00:28:46,1726,0:0,,,,,,,,,,1,130000Mc,1,1,1,alirezas,2024-09-17T00:43:43,2024-09-17T07:01:24,2024-09-17T07:30:10,00:00:00
7434855.batch,batch,soh,00:26:15,142812K,153060K,00:28:46,00:28:46,1726,0:0,142812K,153060K,3.71M,c2509,0,0.01M,c2509,0,376,1,130000Mc,1,1,1,,2024-09-17T07:01:24,2024-09-17T07:01:24,2024-09-17T07:30:10,00:00:00
7434801,wf-pomcppf-${SLURM_JOB_ID},soh,,,,00:24:10,00:24:10,1450,0:0,,,,,,,,,,1,130000Mc,1,1,1,alirezas,2024-09-17T00:43:43,2024-09-17T04:30:55,2024-09-17T04:55:05,00:00:00
7434801.batch,batch,soh,00:22:46,165492K,153056K,00:24:10,00:24:10,1450,0:0,165492K,153056K,3.71M,c2510,0,0.01M,c2510,0,58,1,130000Mc,1,1,1,,2024-09-17T04:30:55,2024-09-17T04:30:55,2024-09-17T04:55:05,00:00:00
7434854,wf-pomcppf-${SLURM_JOB_ID},soh,,,,00:10:26,00:10:26,626,0:0,,,,,,,,,,1,130000Mc,1,1,1,alirezas,2024-09-17T00:43:43,2024-09-17T06:56:47,2024-09-17T07:07:13,00:00:00
7434854.batch,batch,soh,00:10:15,97028K,153108K,00:10:26,00:10:26,626,0:0,97028K,153108K,3.71M,c1510,0,0.01M,c1510,0,2229,1,130000Mc,1,1,1,,2024-09-17T06:56:47,2024-09-17T06:56:47,2024-09-17T07:07:13,00:00:00
7434827,wf-pomcppf-${SLURM_JOB_ID},soh,,,,00:15:48,00:15:48,948,0:0,,,,,,,,,,1,130000Mc,1,1,1,alirezas,2024-09-17T00:43:43,2024-09-17T05:18:45,2024-09-17T05:34:33,00:00:00
7434827.batch,batch,soh,00:13:34,106492K,153060K,00:15:48,00:15:48,948,0:0,106492K,153060K,3.71M,c2509,0,0.01M,c2509,0,45,1,130000Mc,1,1,1,,2024-09-17T05:18:45,2024-09-17T05:18:45,2024-09-17T05:34:33,00:00:00
7434774,wf-pomcppf-${SLURM_JOB_ID},soh,,,,00:14:30,00:14:30,870,0:0,,,,,,,,,,1,130000Mc,1,1,1,alirezas,2024-09-17T00:43:42,2024-09-17T03:49:20,2024-09-17T04:03:50,00:00:00
7434774.batch,batch,soh,00:14:20,142852K,153056K,00:14:30,00:14:30,870,0:0,142852K,153056K,3.71M,c2508,0,0.01M,c2508,0,1109,1,130000Mc,1,1,1,,2024-09-17T03:49:20,2024-09-17T03:49:20,2024-09-17T04:03:50,00:00:00
7434900,wf-pomcppf-${SLURM_JOB_ID},soh,,,,07:25:11,07:25:11,26711,0:0,,,,,,,,,,1,130000Mc,1,1,1,alirezas,2024-09-17T00:43:44,2024-09-17T13:40:15,2024-09-17T21:05:26,00:00:00
7434900.batch,batch,soh,07:22:51,2773028K,153108K,07:25:11,07:25:11,26711,0:0,2773028K,153108K,3.71M,c1921,0,0.01M,c1921,0,3772,1,130000Mc,1,1,1,,2024-09-17T13:40:15,2024-09-17T13:40:15,2024-09-17T21:05:26,00:00:00
7434842,wf-pomcppf-${SLURM_JOB_ID},soh,,,,00:37:13,00:37:13,2233,0:0,,,,,,,,,,1,130000Mc,1,1,1,alirezas,2024-09-17T00:43:43,2024-09-17T06:11:34,2024-09-17T06:48:47,00:00:00
7434842.batch,batch,soh,00:36:57,334000K,153056K,00:37:13,00:37:13,2233,0:0,334000K,153056K,3.71M,c2508,0,0.01M,c2508,0,703,1,130000Mc,1,1,1,,2024-09-17T06:11:34,2024-09-17T06:11:34,2024-09-17T06:48:47,00:00:00
7434864,wf-pomcppf-${SLURM_JOB_ID},soh,,,,02:45:42,02:45:42,9942,0:0,,,,,,,,,,1,130000Mc,1,1,1,alirezas,2024-09-17T00:43:43,2024-09-17T07:30:30,2024-09-17T10:16:12,00:00:00
7434864.batch,batch,soh,02:42:09,605888K,153060K,02:45:42,02:45:42,9942,0:0,605888K,153060K,3.71M,c2509,0,0.01M,c2509,0,553,1,130000Mc,1,1,1,,2024-09-17T07:30:30,2024-09-17T07:30:30,2024-09-17T10:16:12,00:00:00
7434826,wf-pomcppf-${SLURM_JOB_ID},soh,,,,00:09:18,00:09:18,558,0:0,,,,,,,,,,1,130000Mc,1,1,1,alirezas,2024-09-17T00:43:43,2024-09-17T05:17:13,2024-09-17T05:26:31,00:00:00
7434826.batch,batch,soh,00:06:42,81.50M,153060K,00:09:18,00:09:18,558,0:0,81.50M,153060K,3.71M,c2510,0,0.01M,c2510,0,52,1,130000Mc,1,1,1,,2024-09-17T05:17:13,2024-09-17T05:17:13,2024-09-17T05:26:31,00:00:00
7434795,wf-pomcppf-${SLURM_JOB_ID},soh,,,,00:21:13,00:21:13,1273,0:0,,,,,,,,,,1,130000Mc,1,1,1,alirezas,2024-09-17T00:43:43,2024-09-17T04:24:19,2024-09-17T04:45:32,00:00:00
7434795.batch,batch,soh,00:20:24,143460K,153060K,00:21:13,00:21:13,1273,0:0,143460K,153060K,3.71M,c2510,0,0.01M,c2510,0,1085,1,130000Mc,1,1,1,,2024-09-17T04:24:19,2024-09-17T04:24:19,2024-09-17T04:45:32,00:00:00
7434870,wf-pomcppf-${SLURM_JOB_ID},soh,,,,01:00:40,01:00:40,3640,0:0,,,,,,,,,,1,130000Mc,1,1,1,alirezas,2024-09-17T00:43:43,2024-09-17T07:53:53,2024-09-17T08:54:33,00:00:00
7434870.batch,batch,soh,01:00:00,533964K,153108K,01:00:40,01:00:40,3640,0:0,533964K,153108K,3.71M,c1510,0,0.01M,c1510,0,2292,1,130000Mc,1,1,1,,2024-09-17T07:53:53,2024-09-17T07:53:53,2024-09-17T08:54:33,00:00:00
7434881,wf-pomcppf-${SLURM_JOB_ID},soh,,,,21:34:48,21:34:48,77688,0:0,,,,,,,,,,1,130000Mc,1,1,1,alirezas,2024-09-17T00:43:44,2024-09-17T08:45:58,2024-09-18T06:20:46,00:00:00
7434881.batch,batch,soh,21:28:05,1961568K,153060K,21:34:48,21:34:48,77688,0:0,1961568K,153060K,3.71M,c2508,0,0.01M,c2508,0,3894,1,130000Mc,1,1,1,,2024-09-17T08:45:58,2024-09-17T08:45:58,2024-09-18T06:20:46,00:00:00
7434832,wf-pomcppf-${SLURM_JOB_ID},soh,,,,06:45:20,06:45:20,24320,0:0,,,,,,,,,,1,130000Mc,1,1,1,alirezas,2024-09-17T00:43:43,2024-09-17T05:34:38,2024-09-17T12:19:58,00:00:00
7434832.batch,batch,soh,06:40:26,1160668K,152916K,06:45:20,06:45:20,24320,0:0,1160668K,152916K,3.71M,c2509,0,0.01M,c2509,0,815,1,130000Mc,1,1,1,,2024-09-17T05:34:38,2024-09-17T05:34:38,2024-09-17T12:19:58,00:00:00
7434836,wf-pomcppf-${SLURM_JOB_ID},soh,,,,01:09:33,01:09:33,4173,0:0,,,,,,,,,,1,130000Mc,1,1,1,alirezas,2024-09-17T00:43:43,2024-09-17T05:51:33,2024-09-17T07:01:06,00:00:00
7434836.batch,batch,soh,01:06:48,373896K,153056K,01:09:33,01:09:33,4173,0:0,373896K,153056K,3.71M,c2509,0,0.01M,c2509,0,161,1,130000Mc,1,1,1,,2024-09-17T05:51:33,2024-09-17T05:51:33,2024-09-17T07:01:06,00:00:00
7434806,wf-pomcppf-${SLURM_JOB_ID},soh,,,,00:11:55,00:11:55,715,0:0,,,,,,,,,,1,130000Mc,1,1,1,alirezas,2024-09-17T00:43:43,2024-09-17T04:45:10,2024-09-17T04:57:05,00:00:00
7434806.batch,batch,soh,00:11:45,118136K,153060K,00:11:55,00:11:55,715,0:0,118136K,153060K,3.71M,c2508,0,0.01M,c2508,0,955,1,130000Mc,1,1,1,,2024-09-17T04:45:10,2024-09-17T04:45:10,2024-09-17T04:57:05,00:00:00
7434757,wf-pomcppf-${SLURM_JOB_ID},soh,,,,00:03:58,00:03:58,238,0:0,,,,,,,,,,1,130000Mc,1,1,1,alirezas,2024-09-17T00:43:42,2024-09-17T03:41:42,2024-09-17T03:45:40,00:00:00
7434757.batch,batch,soh,00:03:44,69772K,153060K,00:03:58,00:03:58,238,0:0,69772K,153060K,3.71M,c2508,0,0.01M,c2508,0,1359,1,130000Mc,1,1,1,,2024-09-17T03:41:42,2024-09-17T03:41:42,2024-09-17T03:45:40,00:00:00
7434725,wf-pomcppf-${SLURM_JOB_ID},soh,,,,00:02:17,00:02:17,137,0:0,,,,,,,,,,1,130000Mc,1,1,1,alirezas,2024-09-17T00:43:42,2024-09-17T01:44:56,2024-09-17T01:47:13,00:00:00
7434725.batch,batch,soh,00:02:12,66620K,153108K,00:02:17,00:02:17,137,0:0,66620K,153108K,3.71M,c1517,0,0.01M,c1517,0,2223,1,130000Mc,1,1,1,,2024-09-17T01:44:56,2024-09-17T01:44:56,2024-09-17T01:47:13,00:00:00
7434811,wf-pomcppf-${SLURM_JOB_ID},soh,,,,02:55:12,02:55:12,10512,0:0,,,,,,,,,,1,130000Mc,1,1,1,alirezas,2024-09-17T00:43:43,2024-09-17T04:53:18,2024-09-17T07:48:30,00:00:00
7434811.batch,batch,soh,02:54:36,1461320K,153108K,02:55:12,02:55:12,10512,0:0,1461320K,153108K,3.71M,c1517,0,0.01M,c1517,0,3041,1,130000Mc,1,1,1,,2024-09-17T04:53:18,2024-09-17T04:53:18,2024-09-17T07:48:30,00:00:00
7434819,wf-pomcppf-${SLURM_JOB_ID},soh,,,,00:05:48,00:05:48,348,0:0,,,,,,,,,,1,130000Mc,1,1,1,alirezas,2024-09-17T00:43:43,2024-09-17T05:12:37,2024-09-17T05:18:25,00:00:00
7434819.batch,batch,soh,00:03:36,75140K,153060K,00:05:48,00:05:48,348,0:0,75140K,153060K,3.71M,c2509,0,0.01M,c2509,0,45,1,130000Mc,1,1,1,,2024-09-17T05:12:37,2024-09-17T05:12:37,2024-09-17T05:18:25,00:00:00
7434852,wf-pomcppf-${SLURM_JOB_ID},soh,,,,02:37:56,02:37:56,9476,0:0,,,,,,,,,,1,130000Mc,1,1,1,alirezas,2024-09-17T00:43:43,2024-09-17T06:48:33,2024-09-17T09:26:29,00:00:00
7434852.batch,batch,soh,02:36:29,530892K,153060K,02:37:56,02:37:56,9476,0:0,530892K,153060K,3.71M,c2510,0,0.01M,c2510,0,272,1,130000Mc,1,1,1,,2024-09-17T06:48:33,2024-09-17T06:48:33,2024-09-17T09:26:29,00:00:00
7434766,wf-pomcppf-${SLURM_JOB_ID},soh,,,,00:05:00,00:05:00,300,0:0,,,,,,,,,,1,130000Mc,1,1,1,alirezas,2024-09-17T00:43:42,2024-09-17T03:44:47,2024-09-17T03:49:47,00:00:00
7434766.batch,batch,soh,00:04:52,87872K,153060K,00:05:00,00:05:00,300,0:0,87872K,153060K,3.71M,c2510,0,0.01M,c2510,0,41,1,130000Mc,1,1,1,,2024-09-17T03:44:47,2024-09-17T03:44:47,2024-09-17T03:49:47,00:00:00
7434745,wf-pomcppf-${SLURM_JOB_ID},soh,,,,00:03:22,00:03:22,202,0:0,,,,,,,,,,1,130000Mc,1,1,1,alirezas,2024-09-17T00:43:42,2024-09-17T02:54:04,2024-09-17T02:57:26,00:00:00
7434745.batch,batch,soh,00:03:16,89992K,153108K,00:03:22,00:03:22,202,0:0,89992K,153108K,3.71M,c1523,0,0.01M,c1523,0,2224,1,130000Mc,1,1,1,,2024-09-17T02:54:04,2024-09-17T02:54:04,2024-09-17T02:57:26,00:00:00
7434876,wf-pomcppf-${SLURM_JOB_ID},soh,,,,00:29:29,00:29:29,1769,0:0,,,,,,,,,,1,130000Mc,1,1,1,alirezas,2024-09-17T00:43:43,2024-09-17T08:16:23,2024-09-17T08:45:52,00:00:00
7434876.batch,batch,soh,00:29:13,151960K,153060K,00:29:29,00:29:29,1769,0:0,151960K,153060K,3.71M,c2508,0,0.01M,c2508,0,924,1,130000Mc,1,1,1,,2024-09-17T08:16:23,2024-09-17T08:16:23,2024-09-17T08:45:52,00:00:00
7434812,wf-pomcppf-${SLURM_JOB_ID},soh,,,,00:10:40,00:10:40,640,0:0,,,,,,,,,,1,130000Mc,1,1,1,alirezas,2024-09-17T00:43:43,2024-09-17T04:53:49,2024-09-17T05:04:29,00:00:00
7434812.batch,batch,soh,00:09:52,98444K,153052K,00:10:40,00:10:40,640,0:0,98444K,153052K,3.71M,c2510,0,0.01M,c2510,0,51,1,130000Mc,1,1,1,,2024-09-17T04:53:49,2024-09-17T04:53:49,2024-09-17T05:04:29,00:00:00
7434818,wf-pomcppf-${SLURM_JOB_ID},soh,,,,05:00:02,05:00:02,18002,0:0,,,,,,,,,,1,130000Mc,1,1,1,alirezas,2024-09-17T00:43:43,2024-09-17T05:11:36,2024-09-17T10:11:38,00:00:00
7434818.batch,batch,soh,04:56:43,2041068K,153048K,05:00:02,05:00:02,18002,0:0,2041068K,153048K,3.71M,c2510,0,0.01M,c2510,0,295,1,130000Mc,1,1,1,,2024-09-17T05:11:36,2024-09-17T05:11:36,2024-09-17T10:11:38,00:00:00
7434800,wf-pomcppf-${SLURM_JOB_ID},soh,,,,00:14:51,00:14:51,891,0:0,,,,,,,,,,1,130000Mc,1,1,1,alirezas,2024-09-17T00:43:43,2024-09-17T04:29:54,2024-09-17T04:44:45,00:00:00
7434800.batch,batch,soh,00:14:40,126396K,152916K,00:14:51,00:14:51,891,0:0,126396K,152916K,3.71M,c2508,0,0.01M,c2508,0,1019,1,130000Mc,1,1,1,,2024-09-17T04:29:54,2024-09-17T04:29:54,2024-09-17T04:44:45,00:00:00
7434824,wf-pomcppf-${SLURM_JOB_ID},soh,,,,01:16:17,01:16:17,4577,0:0,,,,,,,,,,1,130000Mc,1,1,1,alirezas,2024-09-17T00:43:43,2024-09-17T05:13:38,2024-09-17T06:29:55,00:00:00
7434824.batch,batch,soh,01:15:43,336212K,152916K,01:16:17,01:16:17,4577,0:0,336212K,152916K,3.71M,c2511,0,0.01M,c2511,0,2663,1,130000Mc,1,1,1,,2024-09-17T05:13:38,2024-09-17T05:13:38,2024-09-17T06:29:55,00:00:00
7434720,wf-pomcppf-${SLURM_JOB_ID},soh,,,,00:04:17,00:04:17,257,0:0,,,,,,,,,,1,130000Mc,1,1,1,alirezas,2024-09-17T00:43:42,2024-09-17T01:35:47,2024-09-17T01:40:04,00:00:00
7434720.batch,batch,soh,00:04:11,79500K,153108K,00:04:17,00:04:17,257,0:0,79500K,153108K,3.71M,c1517,0,0.01M,c1517,0,2224,1,130000Mc,1,1,1,,2024-09-17T01:35:47,2024-09-17T01:35:47,2024-09-17T01:40:04,00:00:00
